ID;Key;Criado;Status;Labels;Descricao
"11176";"CHAM-718";"2025-11-30T17:51:12.765-0300";"Aberto";["ABAIXO","CPU"];"36 alertas críticos foram detectados no servidor servidor13.ddfisa23:"
"11175";"CHAM-717";"2025-11-30T17:51:11.811-0300";"Aberto";["ALERTA","CPU"];"13 alertas críticos foram detectados no servidor servidor13.ddfisa23:"
"11174";"CHAM-716";"2025-11-30T17:51:10.908-0300";"Aberto";["CPU","CRÍTICO"];"98 alertas críticos foram detectados no servidor servidor13.ddfisa23:"
"11173";"CHAM-715";"2025-11-30T17:37:20.913-0300";"Aberto";["ABAIXO","CPU"];"2 alertas críticos foram detectados no servidor servidor17.sdcsd56:"
"11172";"CHAM-714";"2025-11-30T17:37:20.020-0300";"Aberto";["ALERTA","CPU"];"79 alertas críticos foram detectados no servidor servidor17.sdcsd56:"
"11171";"CHAM-713";"2025-11-30T17:37:18.596-0300";"Aberto";["CPU","CRÍTICO"];"26 alertas críticos foram detectados no servidor servidor17.sdcsd56:"
"11138";"CHAM-712";"2025-11-28T13:05:02.167-0300";"Aberto";["CRÍTICO","HD"];"2 alertas críticos foram detectados no servidor servidor6.nicolasf8sk4u2:"
"11137";"CHAM-711";"2025-11-28T13:05:00.481-0300";"Aberto";["ABAIXO","CPU"];"24 alertas críticos foram detectados no servidor servidor6.nicolasf8sk4u2:"
"11136";"CHAM-710";"2025-11-28T12:55:17.443-0300";"Aberto";["CRÍTICO","HD"];"2 alertas críticos foram detectados no servidor servidor6.nicolasf8sk4u2:"
"11135";"CHAM-709";"2025-11-28T12:55:15.884-0300";"Aberto";["ABAIXO","CPU"];"24 alertas críticos foram detectados no servidor servidor6.nicolasf8sk4u2:"
"11134";"CHAM-708";"2025-11-28T12:41:39.498-0300";"Aberto";[];"Foram detectados alertas críticos no servidor servidor6.nicolasf8sk4u2:"
"11133";"CHAM-707";"2025-11-28T12:41:28.519-0300";"Aberto";[];"Foram detectados alertas críticos no servidor servidor6.nicolasf8sk4u2:"
"11132";"CHAM-706";"2025-11-28T12:41:17.339-0300";"Aberto";[];"Foram detectados alertas críticos no servidor servidor6.nicolasf8sk4u2:"
"11131";"CHAM-705";"2025-11-28T12:41:05.390-0300";"Aberto";[];"Foram detectados alertas críticos no servidor servidor6.nicolasf8sk4u2:"
"11130";"CHAM-704";"2025-11-28T12:40:54.333-0300";"Aberto";[];"Foram detectados alertas críticos no servidor servidor6.nicolasf8sk4u2:"
"11129";"CHAM-703";"2025-11-28T12:40:43.060-0300";"Aberto";[];"Foram detectados alertas críticos no servidor servidor6.nicolasf8sk4u2:"
"11128";"CHAM-702";"2025-11-28T12:40:32.127-0300";"Aberto";[];"Foram detectados alertas críticos no servidor servidor6.nicolasf8sk4u2:"
"11127";"CHAM-701";"2025-11-28T12:40:20.855-0300";"Aberto";[];"Foram detectados alertas críticos no servidor servidor6.nicolasf8sk4u2:"
"11126";"CHAM-700";"2025-11-28T12:40:09.721-0300";"Aberto";[];"Foram detectados alertas críticos no servidor servidor6.nicolasf8sk4u2:"
"11125";"CHAM-699";"2025-11-28T12:40:04.158-0300";"Aberto";["CPU","HD","RAM","REDE"];"2 alertas críticos foram detectados no servidor servidor6.nicolasf8sk4u2:"
"11123";"CHAM-698";"2025-11-28T12:39:58.638-0300";"Aberto";[];"Foram detectados alertas críticos no servidor servidor6.nicolasf8sk4u2:"
"11122";"CHAM-697";"2025-11-28T12:39:47.527-0300";"Aberto";[];"Foram detectados alertas críticos no servidor servidor6.nicolasf8sk4u2:"
"11121";"CHAM-696";"2025-11-28T12:39:36.275-0300";"Aberto";[];"Foram detectados alertas críticos no servidor servidor6.nicolasf8sk4u2:"
"11120";"CHAM-695";"2025-11-28T12:39:24.614-0300";"Aberto";[];"Foram detectados alertas críticos no servidor servidor6.nicolasf8sk4u2:"
"11119";"CHAM-694";"2025-11-28T12:39:13.395-0300";"Aberto";[];"Foram detectados alertas críticos no servidor servidor6.nicolasf8sk4u2:"
"11118";"CHAM-693";"2025-11-28T12:39:02.249-0300";"Aberto";[];"Foram detectados alertas críticos no servidor servidor6.nicolasf8sk4u2:"
"11117";"CHAM-692";"2025-11-28T12:38:51.212-0300";"Aberto";[];"Foram detectados alertas críticos no servidor servidor6.nicolasf8sk4u2:"
"11116";"CHAM-691";"2025-11-28T12:38:40.251-0300";"Aberto";[];"Foram detectados alertas críticos no servidor servidor6.nicolasf8sk4u2:"
"11115";"CHAM-690";"2025-11-28T12:38:28.921-0300";"Aberto";[];"Foram detectados alertas críticos no servidor servidor6.nicolasf8sk4u2:"
"11114";"CHAM-689";"2025-11-28T12:38:17.769-0300";"Aberto";[];"Foram detectados alertas críticos no servidor servidor6.nicolasf8sk4u2:"
"11113";"CHAM-688";"2025-11-28T12:38:06.006-0300";"Aberto";[];"Foram detectados alertas críticos no servidor servidor6.nicolasf8sk4u2:"
"11112";"CHAM-687";"2025-11-28T12:37:57.450-0300";"Aberto";[];"2 alertas críticos foram detectados no servidor servidor6.nicolasf8sk4u2:"
"11110";"CHAM-686";"2025-11-28T12:37:55.633-0300";"Aberto";[];"Foram detectados alertas críticos no servidor servidor6.nicolasf8sk4u2:"
"11109";"CHAM-685";"2025-11-28T12:37:44.685-0300";"Aberto";[];"Foram detectados alertas críticos no servidor servidor6.nicolasf8sk4u2:"
"11108";"CHAM-684";"2025-11-28T12:37:34.224-0300";"Aberto";[];"Foram detectados alertas críticos no servidor servidor6.nicolasf8sk4u2:"
"11107";"CHAM-683";"2025-11-28T12:37:23.329-0300";"Aberto";[];"Foram detectados alertas críticos no servidor servidor6.nicolasf8sk4u2:"
"11106";"CHAM-682";"2025-11-28T12:37:12.164-0300";"Aberto";[];"Foram detectados alertas críticos no servidor servidor6.nicolasf8sk4u2:"
"11105";"CHAM-681";"2025-11-28T12:37:01.161-0300";"Aberto";[];"Foram detectados alertas críticos no servidor servidor6.nicolasf8sk4u2:"
"11104";"CHAM-680";"2025-11-28T12:36:51.078-0300";"Aberto";[];"2 alertas críticos foram detectados no servidor servidor6.nicolasf8sk4u2:"
"11102";"CHAM-679";"2025-11-28T12:36:49.072-0300";"Aberto";[];"Foram detectados alertas críticos no servidor servidor6.nicolasf8sk4u2:"
"11101";"CHAM-678";"2025-11-28T12:36:37.910-0300";"Aberto";[];"Foram detectados alertas críticos no servidor servidor6.nicolasf8sk4u2:"
"11100";"CHAM-677";"2025-11-28T12:36:26.184-0300";"Aberto";[];"Foram detectados alertas críticos no servidor servidor6.nicolasf8sk4u2:"
"11099";"CHAM-676";"2025-11-28T12:36:15.052-0300";"Aberto";[];"Foram detectados alertas críticos no servidor servidor6.nicolasf8sk4u2:"
"11098";"CHAM-675";"2025-11-28T12:36:03.190-0300";"Aberto";[];"Foram detectados alertas críticos no servidor servidor6.nicolasf8sk4u2:"
"11097";"CHAM-674";"2025-11-28T12:35:52.017-0300";"Aberto";[];"Foram detectados alertas críticos no servidor servidor6.nicolasf8sk4u2:"
"11096";"CHAM-673";"2025-11-28T12:35:41.206-0300";"Aberto";[];"Foram detectados alertas críticos no servidor servidor6.nicolasf8sk4u2:"
"11095";"CHAM-672";"2025-11-28T12:35:29.816-0300";"Aberto";[];"Foram detectados alertas críticos no servidor servidor6.nicolasf8sk4u2:"
"11094";"CHAM-671";"2025-11-28T12:35:19.443-0300";"Aberto";[];"Foram detectados alertas críticos no servidor servidor6.nicolasf8sk4u2:"
"11093";"CHAM-670";"2025-11-28T12:35:07.592-0300";"Aberto";[];"Foram detectados alertas críticos no servidor servidor6.nicolasf8sk4u2:"
"11092";"CHAM-669";"2025-11-28T12:34:56.573-0300";"Aberto";[];"Foram detectados alertas críticos no servidor servidor6.nicolasf8sk4u2:"
"11091";"CHAM-668";"2025-11-28T12:34:45.323-0300";"Aberto";[];"Foram detectados alertas críticos no servidor servidor6.nicolasf8sk4u2:"
"11090";"CHAM-667";"2025-11-28T12:34:34.499-0300";"Aberto";[];"Foram detectados alertas críticos no servidor servidor6.nicolasf8sk4u2:"
"11089";"CHAM-666";"2025-11-28T12:34:23.207-0300";"Aberto";[];"Foram detectados alertas críticos no servidor servidor6.nicolasf8sk4u2:"
"11088";"CHAM-665";"2025-11-28T12:34:11.984-0300";"Aberto";[];"Foram detectados alertas críticos no servidor servidor6.nicolasf8sk4u2:"
"11087";"CHAM-664";"2025-11-28T12:34:00.946-0300";"Aberto";[];"Foram detectados alertas críticos no servidor servidor6.nicolasf8sk4u2:"
"11086";"CHAM-663";"2025-11-28T12:33:49.152-0300";"Aberto";[];"Foram detectados alertas críticos no servidor servidor6.nicolasf8sk4u2:"
"11085";"CHAM-662";"2025-11-28T12:33:38.785-0300";"Aberto";[];"Foram detectados alertas críticos no servidor servidor6.nicolasf8sk4u2:"
"11084";"CHAM-661";"2025-11-28T12:33:26.898-0300";"Aberto";[];"Foram detectados alertas críticos no servidor servidor6.nicolasf8sk4u2:"
"11083";"CHAM-660";"2025-11-28T12:33:15.824-0300";"Aberto";[];"Foram detectados alertas críticos no servidor servidor6.nicolasf8sk4u2:"
"11082";"CHAM-659";"2025-11-28T12:33:04.474-0300";"Aberto";[];"Foram detectados alertas críticos no servidor servidor6.nicolasf8sk4u2:"
"11081";"CHAM-658";"2025-11-28T12:32:52.547-0300";"Aberto";[];"Foram detectados alertas críticos no servidor servidor6.nicolasf8sk4u2:"
"11080";"CHAM-657";"2025-11-28T12:32:41.724-0300";"Aberto";[];"Foram detectados alertas críticos no servidor servidor6.nicolasf8sk4u2:"
"11079";"CHAM-656";"2025-11-28T12:32:30.506-0300";"Aberto";[];"Foram detectados alertas críticos no servidor servidor6.nicolasf8sk4u2:"
"11078";"CHAM-655";"2025-11-28T12:32:19.565-0300";"Aberto";[];"Foram detectados alertas críticos no servidor servidor6.nicolasf8sk4u2:"
"11077";"CHAM-654";"2025-11-28T12:32:08.275-0300";"Aberto";[];"Foram detectados alertas críticos no servidor servidor6.nicolasf8sk4u2:"
"11076";"CHAM-653";"2025-11-28T12:31:58.102-0300";"Aberto";[];"Foram detectados alertas críticos no servidor servidor6.nicolasf8sk4u2:"
"11075";"CHAM-652";"2025-11-28T12:31:46.753-0300";"Aberto";[];"Foram detectados alertas críticos no servidor servidor6.nicolasf8sk4u2:"
"11074";"CHAM-651";"2025-11-28T12:31:34.940-0300";"Aberto";[];"Foram detectados alertas críticos no servidor servidor6.nicolasf8sk4u2:"
"11073";"CHAM-650";"2025-11-28T12:31:23.686-0300";"Aberto";[];"Foram detectados alertas críticos no servidor servidor6.nicolasf8sk4u2:"
"11072";"CHAM-649";"2025-11-28T12:31:12.721-0300";"Aberto";[];"Foram detectados alertas críticos no servidor servidor6.nicolasf8sk4u2:"
"11071";"CHAM-648";"2025-11-28T12:31:00.468-0300";"Aberto";[];"Foram detectados alertas críticos no servidor servidor6.nicolasf8sk4u2:"
"11070";"CHAM-647";"2025-11-28T12:30:49.668-0300";"Aberto";[];"Foram detectados alertas críticos no servidor servidor6.nicolasf8sk4u2:"
"11069";"CHAM-646";"2025-11-28T12:30:38.673-0300";"Aberto";[];"Foram detectados alertas críticos no servidor servidor6.nicolasf8sk4u2:"
"11068";"CHAM-645";"2025-11-28T12:30:27.225-0300";"Aberto";[];"Foram detectados alertas críticos no servidor servidor6.nicolasf8sk4u2:"
"11067";"CHAM-644";"2025-11-28T12:30:16.575-0300";"Aberto";[];"Foram detectados alertas críticos no servidor servidor6.nicolasf8sk4u2:"
"11066";"CHAM-643";"2025-11-28T12:30:06.132-0300";"Aberto";[];"Foram detectados alertas críticos no servidor servidor6.nicolasf8sk4u2:"
"11065";"CHAM-642";"2025-11-28T12:29:55.316-0300";"Aberto";[];"Foram detectados alertas críticos no servidor servidor6.nicolasf8sk4u2:"
"11064";"CHAM-641";"2025-11-28T12:29:43.777-0300";"Aberto";[];"Foram detectados alertas críticos no servidor servidor6.nicolasf8sk4u2:"
"11063";"CHAM-640";"2025-11-28T12:29:32.639-0300";"Aberto";[];"Foram detectados alertas críticos no servidor servidor6.nicolasf8sk4u2:"
"11062";"CHAM-639";"2025-11-28T12:29:21.588-0300";"Aberto";[];"Foram detectados alertas críticos no servidor servidor6.nicolasf8sk4u2:"
"11061";"CHAM-638";"2025-11-28T12:29:10.698-0300";"Aberto";[];"Foram detectados alertas críticos no servidor servidor6.nicolasf8sk4u2:"
"11060";"CHAM-637";"2025-11-28T12:29:00.303-0300";"Aberto";[];"Foram detectados alertas críticos no servidor servidor6.nicolasf8sk4u2:"
"11059";"CHAM-636";"2025-11-28T12:28:49.153-0300";"Aberto";[];"Foram detectados alertas críticos no servidor servidor6.nicolasf8sk4u2:"
"11058";"CHAM-635";"2025-11-28T12:28:37.916-0300";"Aberto";[];"Foram detectados alertas críticos no servidor servidor6.nicolasf8sk4u2:"
"11057";"CHAM-634";"2025-11-28T12:28:27.271-0300";"Aberto";[];"Foram detectados alertas críticos no servidor servidor6.nicolasf8sk4u2:"
"11056";"CHAM-633";"2025-11-28T12:28:15.742-0300";"Aberto";[];"Foram detectados alertas críticos no servidor servidor6.nicolasf8sk4u2:"
"11055";"CHAM-632";"2025-11-28T12:28:04.947-0300";"Aberto";[];"Foram detectados alertas críticos no servidor servidor6.nicolasf8sk4u2:"
"11054";"CHAM-631";"2025-11-28T12:27:53.672-0300";"Aberto";[];"Foram detectados alertas críticos no servidor servidor6.nicolasf8sk4u2:"
"11053";"CHAM-630";"2025-11-28T12:27:42.655-0300";"Aberto";[];"Foram detectados alertas críticos no servidor servidor6.nicolasf8sk4u2:"
"11052";"CHAM-629";"2025-11-28T12:27:31.578-0300";"Aberto";[];"Foram detectados alertas críticos no servidor servidor6.nicolasf8sk4u2:"
"11051";"CHAM-628";"2025-11-28T12:27:20.250-0300";"Aberto";[];"Foram detectados alertas críticos no servidor servidor6.nicolasf8sk4u2:"
"11050";"CHAM-627";"2025-11-28T12:27:09.219-0300";"Aberto";[];"Foram detectados alertas críticos no servidor servidor6.nicolasf8sk4u2:"
"11049";"CHAM-626";"2025-11-28T12:26:57.879-0300";"Aberto";[];"Foram detectados alertas críticos no servidor servidor6.nicolasf8sk4u2:"
"11048";"CHAM-625";"2025-11-28T12:26:47.131-0300";"Aberto";[];"Foram detectados alertas críticos no servidor servidor6.nicolasf8sk4u2:"
"11047";"CHAM-624";"2025-11-28T12:26:36.064-0300";"Aberto";[];"Foram detectados alertas críticos no servidor servidor6.nicolasf8sk4u2:"
"11046";"CHAM-623";"2025-11-28T12:26:24.753-0300";"Aberto";[];"Foram detectados alertas críticos no servidor servidor6.nicolasf8sk4u2:"
"11045";"CHAM-622";"2025-11-28T12:26:12.760-0300";"Aberto";[];"Foram detectados alertas críticos no servidor servidor6.nicolasf8sk4u2:"
"11044";"CHAM-621";"2025-11-28T12:26:00.768-0300";"Aberto";[];"Foram detectados alertas críticos no servidor servidor6.nicolasf8sk4u2:"
"11043";"CHAM-620";"2025-11-28T12:25:49.893-0300";"Aberto";[];"Foram detectados alertas críticos no servidor servidor6.nicolasf8sk4u2:"
"11042";"CHAM-619";"2025-11-28T12:25:38.686-0300";"Aberto";[];"Foram detectados alertas críticos no servidor servidor6.nicolasf8sk4u2:"
"11041";"CHAM-618";"2025-11-28T12:25:26.803-0300";"Aberto";[];"Foram detectados alertas críticos no servidor servidor6.nicolasf8sk4u2:"
"11040";"CHAM-617";"2025-11-28T12:25:15.899-0300";"Aberto";[];"Foram detectados alertas críticos no servidor servidor6.nicolasf8sk4u2:"
"11039";"CHAM-616";"2025-11-28T12:25:14.112-0300";"Aberto";[];"2 alertas críticos foram detectados no servidor servidor6.nicolasf8sk4u2:"
"11037";"CHAM-615";"2025-11-28T12:25:04.268-0300";"Aberto";[];"Foram detectados alertas críticos no servidor servidor6.nicolasf8sk4u2:"
"11036";"CHAM-614";"2025-11-28T12:24:53.336-0300";"Aberto";[];"Foram detectados alertas críticos no servidor servidor6.nicolasf8sk4u2:"
"11035";"CHAM-613";"2025-11-28T12:24:42.278-0300";"Aberto";[];"Foram detectados alertas críticos no servidor servidor6.nicolasf8sk4u2:"
"11034";"CHAM-612";"2025-11-28T12:24:30.392-0300";"Aberto";[];"Foram detectados alertas críticos no servidor servidor6.nicolasf8sk4u2:"
"11033";"CHAM-611";"2025-11-28T12:24:19.815-0300";"Aberto";[];"Foram detectados alertas críticos no servidor servidor6.nicolasf8sk4u2:"
"11032";"CHAM-610";"2025-11-28T12:24:08.126-0300";"Aberto";[];"Foram detectados alertas críticos no servidor servidor6.nicolasf8sk4u2:"
"11031";"CHAM-609";"2025-11-28T12:23:56.805-0300";"Aberto";[];"Foram detectados alertas críticos no servidor servidor6.nicolasf8sk4u2:"
"11030";"CHAM-608";"2025-11-28T12:23:45.784-0300";"Aberto";[];"Foram detectados alertas críticos no servidor servidor6.nicolasf8sk4u2:"
"11029";"CHAM-607";"2025-11-28T12:23:34.931-0300";"Aberto";[];"Foram detectados alertas críticos no servidor servidor6.nicolasf8sk4u2:"
"11028";"CHAM-606";"2025-11-28T12:23:23.491-0300";"Aberto";[];"Foram detectados alertas críticos no servidor servidor6.nicolasf8sk4u2:"
"11027";"CHAM-605";"2025-11-28T12:23:12.189-0300";"Aberto";[];"Foram detectados alertas críticos no servidor servidor6.nicolasf8sk4u2:"
"11026";"CHAM-604";"2025-11-28T12:23:01.324-0300";"Aberto";[];"Foram detectados alertas críticos no servidor servidor6.nicolasf8sk4u2:"
"11025";"CHAM-603";"2025-11-28T12:22:49.336-0300";"Aberto";[];"Foram detectados alertas críticos no servidor servidor6.nicolasf8sk4u2:"
"11024";"CHAM-602";"2025-11-28T12:22:37.646-0300";"Aberto";[];"Foram detectados alertas críticos no servidor servidor6.nicolasf8sk4u2:"
"11023";"CHAM-601";"2025-11-28T12:22:26.368-0300";"Aberto";[];"Foram detectados alertas críticos no servidor servidor6.nicolasf8sk4u2:"
"11022";"CHAM-600";"2025-11-28T12:22:15.451-0300";"Aberto";[];"Foram detectados alertas críticos no servidor servidor6.nicolasf8sk4u2:"
"11021";"CHAM-599";"2025-11-28T12:21:57.343-0300";"Aberto";[];"Foram detectados alertas críticos no servidor servidor6.nicolasf8sk4u2:"
"11020";"CHAM-598";"2025-11-28T12:21:46.302-0300";"Aberto";[];"Foram detectados alertas críticos no servidor servidor6.nicolasf8sk4u2:"
"11019";"CHAM-597";"2025-11-28T12:21:35.513-0300";"Aberto";[];"2 alertas críticos foram detectados no servidor servidor6.nicolasf8sk4u2:"
"11018";"CHAM-596";"2025-11-28T12:21:35.137-0300";"Aberto";[];"Foram detectados alertas críticos no servidor servidor6.nicolasf8sk4u2:"
"11016";"CHAM-595";"2025-11-28T12:21:24.448-0300";"Aberto";[];"Foram detectados alertas críticos no servidor servidor6.nicolasf8sk4u2:"
"11015";"CHAM-594";"2025-11-28T12:21:15.773-0300";"Aberto";[];"Foram detectados alertas críticos no servidor servidor6.nicolasf8sk4u2:"
"11014";"CHAM-593";"2025-11-28T11:12:28.743-0300";"Aberto";[];"2 alertas críticos foram detectados no servidor servidor6.nicolasf8sk4u2:"
"11013";"CHAM-592";"2025-11-28T11:12:27.556-0300";"Aberto";[];"24 alertas críticos foram detectados no servidor servidor6.nicolasf8sk4u2:"
"11012";"CHAM-591";"2025-11-28T10:36:08.060-0300";"Aberto";[];"2 alertas críticos foram detectados no servidor servidor6.nicolasf8sk4u2:"
"11011";"CHAM-590";"2025-11-28T10:36:06.769-0300";"Aberto";[];"24 alertas críticos foram detectados no servidor servidor6.nicolasf8sk4u2:"
"10978";"CHAM-589";"2025-11-27T12:47:51.658-0300";"Aberto";[];"2 alertas críticos foram detectados no servidor servidor6.nicolasf8sk4u2:"
"10977";"CHAM-588";"2025-11-27T12:47:50.141-0300";"Aberto";["erro-sistema","suporte"];"24 alertas críticos foram detectados no servidor servidor6.nicolasf8sk4u2:"
"10976";"CHAM-587";"2025-11-27T12:17:25.511-0300";"Aberto";[];"Foram detectados alertas críticos no servidor servidor6.nicolasf8sk4u2:"
"10975";"CHAM-586";"2025-11-27T12:14:34.767-0300";"Aberto";[];"Foram detectados alertas críticos no servidor servidor6.nicolasf8sk4u2:"
"10974";"CHAM-585";"2025-11-27T12:14:07.852-0300";"Aberto";[];"Foram detectados alertas críticos no servidor servidor6.nicolasf8sk4u2:"
"10973";"CHAM-584";"2025-11-27T12:11:21.607-0300";"Aberto";[];"Foram detectados alertas críticos no servidor servidor6.nicolasf8sk4u2:"
"10972";"CHAM-583";"2025-11-27T12:11:10.557-0300";"Aberto";[];"Foram detectados alertas críticos no servidor servidor6.nicolasf8sk4u2:"
"10971";"CHAM-582";"2025-11-27T12:11:00.080-0300";"Aberto";[];"Foram detectados alertas críticos no servidor servidor6.nicolasf8sk4u2:"
"10970";"CHAM-581";"2025-11-27T12:10:50.067-0300";"Aberto";[];"Foram detectados alertas críticos no servidor servidor6.nicolasf8sk4u2:"
"10969";"CHAM-580";"2025-11-27T12:10:39.103-0300";"Aberto";[];"Foram detectados alertas críticos no servidor servidor6.nicolasf8sk4u2:"
"10968";"CHAM-579";"2025-11-27T12:10:28.794-0300";"Aberto";[];"Foram detectados alertas críticos no servidor servidor6.nicolasf8sk4u2:"
"10967";"CHAM-578";"2025-11-27T12:10:17.435-0300";"Aberto";[];"Foram detectados alertas críticos no servidor servidor6.nicolasf8sk4u2:"
"10966";"CHAM-577";"2025-11-27T12:10:07.249-0300";"Aberto";[];"Foram detectados alertas críticos no servidor servidor6.nicolasf8sk4u2:"
"10965";"CHAM-576";"2025-11-27T12:09:56.403-0300";"Aberto";[];"Foram detectados alertas críticos no servidor servidor6.nicolasf8sk4u2:"
"10964";"CHAM-575";"2025-11-27T12:09:45.888-0300";"Aberto";[];"Foram detectados alertas críticos no servidor servidor6.nicolasf8sk4u2:"
"10963";"CHAM-574";"2025-11-27T12:09:34.722-0300";"Aberto";[];"Foram detectados alertas críticos no servidor servidor6.nicolasf8sk4u2:"
"10962";"CHAM-573";"2025-11-27T12:09:24.631-0300";"Aberto";[];"Foram detectados alertas críticos no servidor servidor6.nicolasf8sk4u2:"
"10961";"CHAM-572";"2025-11-27T12:09:14.445-0300";"Aberto";[];"Foram detectados alertas críticos no servidor servidor6.nicolasf8sk4u2:"
"10960";"CHAM-571";"2025-11-27T12:09:04.412-0300";"Aberto";[];"Foram detectados alertas críticos no servidor servidor6.nicolasf8sk4u2:"
"10959";"CHAM-570";"2025-11-27T12:08:54.812-0300";"Aberto";[];"Foram detectados alertas críticos no servidor servidor6.nicolasf8sk4u2:"
"10958";"CHAM-569";"2025-11-27T12:08:44.600-0300";"Aberto";[];"Foram detectados alertas críticos no servidor servidor6.nicolasf8sk4u2:"
"10957";"CHAM-568";"2025-11-27T12:08:34.052-0300";"Aberto";[];"Foram detectados alertas críticos no servidor servidor6.nicolasf8sk4u2:"
"10956";"CHAM-567";"2025-11-27T12:08:23.354-0300";"Aberto";[];"Foram detectados alertas críticos no servidor servidor6.nicolasf8sk4u2:"
"10955";"CHAM-566";"2025-11-27T12:08:13.076-0300";"Aberto";[];"Foram detectados alertas críticos no servidor servidor6.nicolasf8sk4u2:"
"10954";"CHAM-565";"2025-11-27T12:08:02.714-0300";"Aberto";[];"Foram detectados alertas críticos no servidor servidor6.nicolasf8sk4u2:"
"10953";"CHAM-564";"2025-11-27T12:07:51.747-0300";"Aberto";[];"Foram detectados alertas críticos no servidor servidor6.nicolasf8sk4u2:"
"10952";"CHAM-563";"2025-11-27T12:07:41.618-0300";"Aberto";[];"Foram detectados alertas críticos no servidor servidor6.nicolasf8sk4u2:"
"10951";"CHAM-562";"2025-11-27T12:07:31.292-0300";"Aberto";[];"Foram detectados alertas críticos no servidor servidor6.nicolasf8sk4u2:"
"10950";"CHAM-561";"2025-11-27T12:07:21.199-0300";"Aberto";[];"Foram detectados alertas críticos no servidor servidor6.nicolasf8sk4u2:"
"10949";"CHAM-560";"2025-11-27T12:07:10.930-0300";"Aberto";[];"Foram detectados alertas críticos no servidor servidor6.nicolasf8sk4u2:"
"10948";"CHAM-559";"2025-11-27T12:07:00.731-0300";"Aberto";[];"Foram detectados alertas críticos no servidor servidor6.nicolasf8sk4u2:"
"10947";"CHAM-558";"2025-11-27T12:06:50.311-0300";"Aberto";[];"Foram detectados alertas críticos no servidor servidor6.nicolasf8sk4u2:"
"10946";"CHAM-557";"2025-11-27T12:06:40.032-0300";"Aberto";[];"Foram detectados alertas críticos no servidor servidor6.nicolasf8sk4u2:"
"10945";"CHAM-556";"2025-11-27T12:06:29.717-0300";"Aberto";[];"Foram detectados alertas críticos no servidor servidor6.nicolasf8sk4u2:"
"10944";"CHAM-555";"2025-11-27T12:06:19.644-0300";"Aberto";[];"Foram detectados alertas críticos no servidor servidor6.nicolasf8sk4u2:"
"10943";"CHAM-554";"2025-11-27T12:06:09.594-0300";"Aberto";[];"Foram detectados alertas críticos no servidor servidor6.nicolasf8sk4u2:"
"10942";"CHAM-553";"2025-11-27T12:05:59.091-0300";"Aberto";[];"Foram detectados alertas críticos no servidor servidor6.nicolasf8sk4u2:"
"10941";"CHAM-552";"2025-11-27T12:05:48.942-0300";"Aberto";[];"Foram detectados alertas críticos no servidor servidor6.nicolasf8sk4u2:"
"10940";"CHAM-551";"2025-11-27T12:05:38.963-0300";"Aberto";[];"Foram detectados alertas críticos no servidor servidor6.nicolasf8sk4u2:"
"10939";"CHAM-550";"2025-11-27T12:05:28.586-0300";"Aberto";[];"Foram detectados alertas críticos no servidor servidor6.nicolasf8sk4u2:"
"10938";"CHAM-549";"2025-11-27T12:05:18.271-0300";"Aberto";[];"Foram detectados alertas críticos no servidor servidor6.nicolasf8sk4u2:"
"10937";"CHAM-548";"2025-11-27T12:05:07.910-0300";"Aberto";[];"Foram detectados alertas críticos no servidor servidor6.nicolasf8sk4u2:"
"10936";"CHAM-547";"2025-11-27T12:04:57.133-0300";"Aberto";[];"Foram detectados alertas críticos no servidor servidor6.nicolasf8sk4u2:"
"10935";"CHAM-546";"2025-11-27T12:04:46.908-0300";"Aberto";[];"Foram detectados alertas críticos no servidor servidor6.nicolasf8sk4u2:"
"10934";"CHAM-545";"2025-11-27T12:04:36.481-0300";"Aberto";[];"Foram detectados alertas críticos no servidor servidor6.nicolasf8sk4u2:"
"10933";"CHAM-544";"2025-11-27T12:04:26.228-0300";"Aberto";[];"Foram detectados alertas críticos no servidor servidor6.nicolasf8sk4u2:"
"10932";"CHAM-543";"2025-11-27T12:04:16.075-0300";"Aberto";[];"Foram detectados alertas críticos no servidor servidor6.nicolasf8sk4u2:"
"10931";"CHAM-542";"2025-11-27T12:04:04.815-0300";"Aberto";[];"Foram detectados alertas críticos no servidor servidor6.nicolasf8sk4u2:"
"10930";"CHAM-541";"2025-11-27T12:03:54.557-0300";"Aberto";[];"Foram detectados alertas críticos no servidor servidor6.nicolasf8sk4u2:"
"10929";"CHAM-540";"2025-11-27T12:03:44.545-0300";"Aberto";[];"Foram detectados alertas críticos no servidor servidor6.nicolasf8sk4u2:"
"10928";"CHAM-539";"2025-11-27T12:03:33.260-0300";"Aberto";[];"Foram detectados alertas críticos no servidor servidor6.nicolasf8sk4u2:"
"10927";"CHAM-538";"2025-11-27T12:03:23.197-0300";"Aberto";[];"Foram detectados alertas críticos no servidor servidor6.nicolasf8sk4u2:"
"10926";"CHAM-537";"2025-11-27T12:03:12.992-0300";"Aberto";[];"Foram detectados alertas críticos no servidor servidor6.nicolasf8sk4u2:"
"10925";"CHAM-536";"2025-11-27T12:03:02.100-0300";"Aberto";[];"Foram detectados alertas críticos no servidor servidor6.nicolasf8sk4u2:"
"10924";"CHAM-535";"2025-11-27T12:02:51.749-0300";"Aberto";[];"Foram detectados alertas críticos no servidor servidor6.nicolasf8sk4u2:"
"10923";"CHAM-534";"2025-11-27T12:02:41.360-0300";"Aberto";[];"Foram detectados alertas críticos no servidor servidor6.nicolasf8sk4u2:"
"10922";"CHAM-533";"2025-11-27T12:02:31.050-0300";"Aberto";[];"Foram detectados alertas críticos no servidor servidor6.nicolasf8sk4u2:"
"10921";"CHAM-532";"2025-11-27T12:02:20.934-0300";"Aberto";[];"Foram detectados alertas críticos no servidor servidor6.nicolasf8sk4u2:"
"10920";"CHAM-531";"2025-11-27T12:02:10.092-0300";"Aberto";[];"Foram detectados alertas críticos no servidor servidor6.nicolasf8sk4u2:"
"10919";"CHAM-530";"2025-11-27T12:01:59.595-0300";"Aberto";[];"Foram detectados alertas críticos no servidor servidor6.nicolasf8sk4u2:"
"10918";"CHAM-529";"2025-11-27T12:01:49.287-0300";"Aberto";[];"Foram detectados alertas críticos no servidor servidor6.nicolasf8sk4u2:"
"10917";"CHAM-528";"2025-11-27T12:01:39.124-0300";"Aberto";[];"Foram detectados alertas críticos no servidor servidor6.nicolasf8sk4u2:"
"10916";"CHAM-527";"2025-11-27T12:01:27.973-0300";"Aberto";[];"Foram detectados alertas críticos no servidor servidor6.nicolasf8sk4u2:"
"10915";"CHAM-526";"2025-11-27T12:01:18.626-0300";"Aberto";[];"Foram detectados alertas críticos no servidor servidor6.nicolasf8sk4u2:"
"10914";"CHAM-525";"2025-11-27T12:01:08.455-0300";"Aberto";[];"Foram detectados alertas críticos no servidor servidor6.nicolasf8sk4u2:"
"10913";"CHAM-524";"2025-11-27T12:00:58.215-0300";"Aberto";[];"Foram detectados alertas críticos no servidor servidor6.nicolasf8sk4u2:"
"10912";"CHAM-523";"2025-11-27T12:00:47.939-0300";"Aberto";[];"Foram detectados alertas críticos no servidor servidor6.nicolasf8sk4u2:"
"10911";"CHAM-522";"2025-11-27T12:00:37.707-0300";"Aberto";[];"Foram detectados alertas críticos no servidor servidor6.nicolasf8sk4u2:"
"10910";"CHAM-521";"2025-11-27T12:00:26.654-0300";"Aberto";[];"Foram detectados alertas críticos no servidor servidor6.nicolasf8sk4u2:"
"10909";"CHAM-520";"2025-11-27T12:00:16.350-0300";"Aberto";[];"Foram detectados alertas críticos no servidor servidor6.nicolasf8sk4u2:"
"10908";"CHAM-519";"2025-11-27T12:00:06.103-0300";"Aberto";[];"Foram detectados alertas críticos no servidor servidor6.nicolasf8sk4u2:"
"10907";"CHAM-518";"2025-11-27T11:59:56.751-0300";"Aberto";[];"Foram detectados alertas críticos no servidor servidor6.nicolasf8sk4u2:"
"10906";"CHAM-517";"2025-11-27T11:59:44.942-0300";"Aberto";[];"Foram detectados alertas críticos no servidor servidor6.nicolasf8sk4u2:"
"10905";"CHAM-516";"2025-11-27T11:59:34.693-0300";"Aberto";[];"Foram detectados alertas críticos no servidor servidor6.nicolasf8sk4u2:"
"10904";"CHAM-515";"2025-11-27T11:59:23.369-0300";"Aberto";[];"Foram detectados alertas críticos no servidor servidor6.nicolasf8sk4u2:"
"10903";"CHAM-514";"2025-11-27T11:59:13.348-0300";"Aberto";[];"Foram detectados alertas críticos no servidor servidor6.nicolasf8sk4u2:"
"10902";"CHAM-513";"2025-11-27T11:59:03.075-0300";"Aberto";[];"Foram detectados alertas críticos no servidor servidor6.nicolasf8sk4u2:"
"10901";"CHAM-512";"2025-11-27T11:58:52.661-0300";"Aberto";[];"Foram detectados alertas críticos no servidor servidor6.nicolasf8sk4u2:"
"10900";"CHAM-511";"2025-11-27T11:58:42.396-0300";"Aberto";[];"Foram detectados alertas críticos no servidor servidor6.nicolasf8sk4u2:"
"10899";"CHAM-510";"2025-11-27T11:58:32.295-0300";"Aberto";[];"Foram detectados alertas críticos no servidor servidor6.nicolasf8sk4u2:"
"10898";"CHAM-509";"2025-11-27T11:58:22.021-0300";"Aberto";[];"Foram detectados alertas críticos no servidor servidor6.nicolasf8sk4u2:"
"10897";"CHAM-508";"2025-11-27T11:58:11.045-0300";"Aberto";[];"Foram detectados alertas críticos no servidor servidor6.nicolasf8sk4u2:"
"10896";"CHAM-507";"2025-11-27T11:58:00.916-0300";"Aberto";[];"Foram detectados alertas críticos no servidor servidor6.nicolasf8sk4u2:"
"10895";"CHAM-506";"2025-11-27T11:57:50.491-0300";"Aberto";[];"Foram detectados alertas críticos no servidor servidor6.nicolasf8sk4u2:"
"10894";"CHAM-505";"2025-11-27T11:57:40.075-0300";"Aberto";[];"Foram detectados alertas críticos no servidor servidor6.nicolasf8sk4u2:"
"10893";"CHAM-504";"2025-11-27T11:57:30.234-0300";"Aberto";[];"Foram detectados alertas críticos no servidor servidor6.nicolasf8sk4u2:"
"10892";"CHAM-503";"2025-11-27T11:57:18.762-0300";"Aberto";[];"Foram detectados alertas críticos no servidor servidor6.nicolasf8sk4u2:"
"10891";"CHAM-502";"2025-11-27T11:57:08.758-0300";"Aberto";[];"Foram detectados alertas críticos no servidor servidor6.nicolasf8sk4u2:"
"10890";"CHAM-501";"2025-11-27T11:56:58.407-0300";"Aberto";[];"Foram detectados alertas críticos no servidor servidor6.nicolasf8sk4u2:"
"10889";"CHAM-500";"2025-11-27T11:56:48.388-0300";"Aberto";[];"Foram detectados alertas críticos no servidor servidor6.nicolasf8sk4u2:"
"10888";"CHAM-499";"2025-11-27T11:56:38.024-0300";"Aberto";[];"Foram detectados alertas críticos no servidor servidor6.nicolasf8sk4u2:"
"10887";"CHAM-498";"2025-11-27T11:56:27.400-0300";"Aberto";[];"Foram detectados alertas críticos no servidor servidor6.nicolasf8sk4u2:"
"10886";"CHAM-497";"2025-11-27T11:56:17.153-0300";"Aberto";[];"Foram detectados alertas críticos no servidor servidor6.nicolasf8sk4u2:"
"10885";"CHAM-496";"2025-11-27T11:56:06.139-0300";"Aberto";[];"Foram detectados alertas críticos no servidor servidor6.nicolasf8sk4u2:"
"10884";"CHAM-495";"2025-11-27T11:55:55.290-0300";"Aberto";[];"Foram detectados alertas críticos no servidor servidor6.nicolasf8sk4u2:"
"10883";"CHAM-494";"2025-11-27T11:55:42.333-0300";"Aberto";[];"Foram detectados alertas críticos no servidor servidor6.nicolasf8sk4u2:"
"10882";"CHAM-493";"2025-11-27T11:55:30.264-0300";"Aberto";[];"Foram detectados alertas críticos no servidor servidor6.nicolasf8sk4u2:"
"10881";"CHAM-492";"2025-11-27T11:55:18.247-0300";"Aberto";[];"Foram detectados alertas críticos no servidor servidor6.nicolasf8sk4u2:"
"10880";"CHAM-491";"2025-11-27T11:55:06.403-0300";"Aberto";[];"Foram detectados alertas críticos no servidor servidor6.nicolasf8sk4u2:"
"10879";"CHAM-490";"2025-11-27T11:54:54.493-0300";"Aberto";[];"Foram detectados alertas críticos no servidor servidor6.nicolasf8sk4u2:"
"10878";"CHAM-489";"2025-11-27T11:54:41.668-0300";"Aberto";[];"Foram detectados alertas críticos no servidor servidor6.nicolasf8sk4u2:"
"10877";"CHAM-488";"2025-11-27T11:54:29.784-0300";"Aberto";[];"Foram detectados alertas críticos no servidor servidor6.nicolasf8sk4u2:"
"10876";"CHAM-487";"2025-11-27T11:54:18.621-0300";"Aberto";[];"Foram detectados alertas críticos no servidor servidor6.nicolasf8sk4u2:"
"10875";"CHAM-486";"2025-11-27T11:54:06.736-0300";"Aberto";[];"Foram detectados alertas críticos no servidor servidor6.nicolasf8sk4u2:"
"10874";"CHAM-485";"2025-11-27T11:53:54.953-0300";"Aberto";[];"Foram detectados alertas críticos no servidor servidor6.nicolasf8sk4u2:"
"10873";"CHAM-484";"2025-11-27T11:53:43.884-0300";"Aberto";[];"Foram detectados alertas críticos no servidor servidor6.nicolasf8sk4u2:"
"10872";"CHAM-483";"2025-11-27T11:53:30.888-0300";"Aberto";[];"Foram detectados alertas críticos no servidor servidor6.nicolasf8sk4u2:"
"10871";"CHAM-482";"2025-11-27T11:53:18.774-0300";"Aberto";[];"Foram detectados alertas críticos no servidor servidor6.nicolasf8sk4u2:"
"10870";"CHAM-481";"2025-11-27T11:53:06.229-0300";"Aberto";[];"Foram detectados alertas críticos no servidor servidor6.nicolasf8sk4u2:"
"10869";"CHAM-480";"2025-11-27T11:52:54.962-0300";"Aberto";[];"Foram detectados alertas críticos no servidor servidor6.nicolasf8sk4u2:"
"10868";"CHAM-479";"2025-11-27T11:52:42.032-0300";"Aberto";[];"Foram detectados alertas críticos no servidor servidor6.nicolasf8sk4u2:"
"10867";"CHAM-478";"2025-11-27T11:52:30.289-0300";"Aberto";[];"Foram detectados alertas críticos no servidor servidor6.nicolasf8sk4u2:"
"10866";"CHAM-477";"2025-11-27T11:52:18.466-0300";"Aberto";[];"Foram detectados alertas críticos no servidor servidor6.nicolasf8sk4u2:"
"10865";"CHAM-476";"2025-11-27T11:52:07.130-0300";"Aberto";[];"Foram detectados alertas críticos no servidor servidor6.nicolasf8sk4u2:"
"10864";"CHAM-475";"2025-11-27T11:51:55.329-0300";"Aberto";[];"Foram detectados alertas críticos no servidor servidor6.nicolasf8sk4u2:"
"10863";"CHAM-474";"2025-11-27T11:51:44.107-0300";"Aberto";[];"Foram detectados alertas críticos no servidor servidor6.nicolasf8sk4u2:"
"10862";"CHAM-473";"2025-11-27T11:51:32.149-0300";"Aberto";[];"Foram detectados alertas críticos no servidor servidor6.nicolasf8sk4u2:"
"10861";"CHAM-472";"2025-11-27T11:51:20.403-0300";"Aberto";[];"Foram detectados alertas críticos no servidor servidor6.nicolasf8sk4u2:"
"10860";"CHAM-471";"2025-11-27T11:51:08.500-0300";"Aberto";[];"Foram detectados alertas críticos no servidor servidor6.nicolasf8sk4u2:"
"10859";"CHAM-470";"2025-11-27T11:50:57.189-0300";"Aberto";[];"Foram detectados alertas críticos no servidor servidor6.nicolasf8sk4u2:"
"10858";"CHAM-469";"2025-11-27T11:50:45.496-0300";"Aberto";[];"Foram detectados alertas críticos no servidor servidor6.nicolasf8sk4u2:"
"10857";"CHAM-468";"2025-11-27T11:50:33.256-0300";"Aberto";[];"Foram detectados alertas críticos no servidor servidor6.nicolasf8sk4u2:"
"10856";"CHAM-467";"2025-11-27T11:50:21.315-0300";"Aberto";[];"Foram detectados alertas críticos no servidor servidor6.nicolasf8sk4u2:"
"10855";"CHAM-466";"2025-11-27T11:50:09.454-0300";"Aberto";[];"Foram detectados alertas críticos no servidor servidor6.nicolasf8sk4u2:"
"10854";"CHAM-465";"2025-11-27T11:49:56.635-0300";"Aberto";[];"Foram detectados alertas críticos no servidor servidor6.nicolasf8sk4u2:"
"10853";"CHAM-464";"2025-11-27T11:49:44.629-0300";"Aberto";[];"Foram detectados alertas críticos no servidor servidor6.nicolasf8sk4u2:"
"10852";"CHAM-463";"2025-11-27T11:49:32.830-0300";"Aberto";[];"Foram detectados alertas críticos no servidor servidor6.nicolasf8sk4u2:"
"10851";"CHAM-462";"2025-11-27T11:49:21.677-0300";"Aberto";[];"Foram detectados alertas críticos no servidor servidor6.nicolasf8sk4u2:"
"10850";"CHAM-461";"2025-11-27T11:49:09.637-0300";"Aberto";[];"Foram detectados alertas críticos no servidor servidor6.nicolasf8sk4u2:"
"10849";"CHAM-460";"2025-11-27T11:48:57.755-0300";"Aberto";[];"Foram detectados alertas críticos no servidor servidor6.nicolasf8sk4u2:"
"10848";"CHAM-459";"2025-11-27T11:48:45.635-0300";"Aberto";[];"Foram detectados alertas críticos no servidor servidor6.nicolasf8sk4u2:"
"10847";"CHAM-458";"2025-11-27T11:48:35.362-0300";"Aberto";[];"Foram detectados alertas críticos no servidor servidor6.nicolasf8sk4u2:"
"10846";"CHAM-457";"2025-11-27T11:48:24.359-0300";"Aberto";[];"Foram detectados alertas críticos no servidor servidor6.nicolasf8sk4u2:"
"10845";"CHAM-456";"2025-11-27T11:48:13.307-0300";"Aberto";[];"Foram detectados alertas críticos no servidor servidor6.nicolasf8sk4u2:"
"10844";"CHAM-455";"2025-11-27T11:48:02.515-0300";"Aberto";[];"Foram detectados alertas críticos no servidor servidor6.nicolasf8sk4u2:"
"10843";"CHAM-454";"2025-11-27T11:47:51.397-0300";"Aberto";[];"Foram detectados alertas críticos no servidor servidor6.nicolasf8sk4u2:"
"10842";"CHAM-453";"2025-11-27T11:47:40.966-0300";"Aberto";[];"Foram detectados alertas críticos no servidor servidor6.nicolasf8sk4u2:"
"10841";"CHAM-452";"2025-11-27T11:47:39.326-0300";"Aberto";[];"Foram detectados alertas críticos no servidor servidor6.nicolasf8sk4u2:"
"10840";"CHAM-451";"2025-11-27T11:47:28.220-0300";"Aberto";[];"Foram detectados alertas críticos no servidor servidor6.nicolasf8sk4u2:"
"10839";"CHAM-450";"2025-11-27T11:13:49.492-0300";"Aberto";[];"Foram detectados alertas críticos no servidor servidor6.nicolasf8sk4u2:"
"10838";"CHAM-449";"2025-11-27T11:13:38.569-0300";"Aberto";[];"Foram detectados alertas críticos no servidor servidor6.nicolasf8sk4u2:"
"10837";"CHAM-448";"2025-11-27T11:13:28.253-0300";"Aberto";[];"Foram detectados alertas críticos no servidor servidor6.nicolasf8sk4u2:"
"10836";"CHAM-447";"2025-11-27T11:13:17.067-0300";"Aberto";[];"Foram detectados alertas críticos no servidor servidor6.nicolasf8sk4u2:"
"10835";"CHAM-446";"2025-11-27T11:13:06.725-0300";"Aberto";[];"Foram detectados alertas críticos no servidor servidor6.nicolasf8sk4u2:"
"10834";"CHAM-445";"2025-11-27T11:12:55.649-0300";"Aberto";[];"Foram detectados alertas críticos no servidor servidor6.nicolasf8sk4u2:"
"10833";"CHAM-444";"2025-11-27T11:12:45.359-0300";"Aberto";[];"Foram detectados alertas críticos no servidor servidor6.nicolasf8sk4u2:"
"10832";"CHAM-443";"2025-11-27T11:12:33.721-0300";"Aberto";[];"Foram detectados alertas críticos no servidor servidor6.nicolasf8sk4u2:"
"10831";"CHAM-442";"2025-11-27T11:12:23.507-0300";"Aberto";[];"Foram detectados alertas críticos no servidor servidor6.nicolasf8sk4u2:"
"10830";"CHAM-441";"2025-11-27T11:12:12.259-0300";"Aberto";[];"Foram detectados alertas críticos no servidor servidor6.nicolasf8sk4u2:"
"10829";"CHAM-440";"2025-11-27T11:12:02.098-0300";"Aberto";[];"Foram detectados alertas críticos no servidor servidor6.nicolasf8sk4u2:"
"10828";"CHAM-439";"2025-11-27T11:11:51.196-0300";"Aberto";[];"Foram detectados alertas críticos no servidor servidor6.nicolasf8sk4u2:"
"10827";"CHAM-438";"2025-11-27T11:11:40.777-0300";"Aberto";[];"Foram detectados alertas críticos no servidor servidor6.nicolasf8sk4u2:"
"10826";"CHAM-437";"2025-11-27T11:11:29.824-0300";"Aberto";[];"Foram detectados alertas críticos no servidor servidor6.nicolasf8sk4u2:"
"10825";"CHAM-436";"2025-11-27T11:11:19.584-0300";"Aberto";[];"Foram detectados alertas críticos no servidor servidor6.nicolasf8sk4u2:"
"10824";"CHAM-435";"2025-11-27T11:11:09.137-0300";"Aberto";[];"Foram detectados alertas críticos no servidor servidor6.nicolasf8sk4u2:"
"10823";"CHAM-434";"2025-11-27T11:10:58.186-0300";"Aberto";[];"Foram detectados alertas críticos no servidor servidor6.nicolasf8sk4u2:"
"10822";"CHAM-433";"2025-11-27T11:10:47.119-0300";"Aberto";[];"Foram detectados alertas críticos no servidor servidor6.nicolasf8sk4u2:"
"10821";"CHAM-432";"2025-11-27T11:10:36.768-0300";"Aberto";[];"Foram detectados alertas críticos no servidor servidor6.nicolasf8sk4u2:"
"10820";"CHAM-431";"2025-11-27T11:10:25.977-0300";"Aberto";[];"Foram detectados alertas críticos no servidor servidor6.nicolasf8sk4u2:"
"10819";"CHAM-430";"2025-11-27T11:10:15.620-0300";"Aberto";[];"Foram detectados alertas críticos no servidor servidor6.nicolasf8sk4u2:"
"10818";"CHAM-429";"2025-11-27T11:10:05.281-0300";"Aberto";[];"Foram detectados alertas críticos no servidor servidor6.nicolasf8sk4u2:"
"10817";"CHAM-428";"2025-11-27T11:09:54.303-0300";"Aberto";[];"Foram detectados alertas críticos no servidor servidor6.nicolasf8sk4u2:"
"10816";"CHAM-427";"2025-11-27T11:09:43.210-0300";"Aberto";[];"Foram detectados alertas críticos no servidor servidor6.nicolasf8sk4u2:"
"10815";"CHAM-426";"2025-11-27T11:09:32.962-0300";"Aberto";[];"Foram detectados alertas críticos no servidor servidor6.nicolasf8sk4u2:"
"10814";"CHAM-425";"2025-11-27T11:09:21.928-0300";"Aberto";[];"Foram detectados alertas críticos no servidor servidor6.nicolasf8sk4u2:"
"10813";"CHAM-424";"2025-11-27T11:09:11.522-0300";"Aberto";[];"Foram detectados alertas críticos no servidor servidor6.nicolasf8sk4u2:"
"10812";"CHAM-423";"2025-11-27T11:09:01.416-0300";"Aberto";[];"Foram detectados alertas críticos no servidor servidor6.nicolasf8sk4u2:"
"10811";"CHAM-422";"2025-11-27T11:08:50.299-0300";"Aberto";[];"Foram detectados alertas críticos no servidor servidor6.nicolasf8sk4u2:"
"10810";"CHAM-421";"2025-11-27T11:08:39.937-0300";"Aberto";[];"Foram detectados alertas críticos no servidor servidor6.nicolasf8sk4u2:"
"10809";"CHAM-420";"2025-11-27T11:08:29.015-0300";"Aberto";[];"Foram detectados alertas críticos no servidor servidor6.nicolasf8sk4u2:"
"10808";"CHAM-419";"2025-11-27T11:08:18.685-0300";"Aberto";[];"Foram detectados alertas críticos no servidor servidor6.nicolasf8sk4u2:"
"10807";"CHAM-418";"2025-11-27T11:08:08.466-0300";"Aberto";[];"Foram detectados alertas críticos no servidor servidor6.nicolasf8sk4u2:"
"10806";"CHAM-417";"2025-11-27T11:07:57.340-0300";"Aberto";[];"Foram detectados alertas críticos no servidor servidor6.nicolasf8sk4u2:"
"10805";"CHAM-416";"2025-11-27T11:07:46.273-0300";"Aberto";[];"Foram detectados alertas críticos no servidor servidor6.nicolasf8sk4u2:"
"10804";"CHAM-415";"2025-11-27T11:07:36.116-0300";"Aberto";[];"Foram detectados alertas críticos no servidor servidor6.nicolasf8sk4u2:"
"10803";"CHAM-414";"2025-11-27T11:07:25.706-0300";"Aberto";[];"Foram detectados alertas críticos no servidor servidor6.nicolasf8sk4u2:"
"10802";"CHAM-413";"2025-11-27T11:07:15.718-0300";"Aberto";[];"Foram detectados alertas críticos no servidor servidor6.nicolasf8sk4u2:"
"10801";"CHAM-412";"2025-11-27T11:07:05.397-0300";"Aberto";[];"Foram detectados alertas críticos no servidor servidor6.nicolasf8sk4u2:"
"10800";"CHAM-411";"2025-11-27T11:06:54.419-0300";"Aberto";[];"Foram detectados alertas críticos no servidor servidor6.nicolasf8sk4u2:"
"10799";"CHAM-410";"2025-11-27T11:06:44.105-0300";"Aberto";[];"Foram detectados alertas críticos no servidor servidor6.nicolasf8sk4u2:"
"10798";"CHAM-409";"2025-11-27T11:06:33.725-0300";"Aberto";[];"Foram detectados alertas críticos no servidor servidor6.nicolasf8sk4u2:"
"10797";"CHAM-408";"2025-11-27T11:06:23.669-0300";"Aberto";[];"Foram detectados alertas críticos no servidor servidor6.nicolasf8sk4u2:"
"10796";"CHAM-407";"2025-11-27T11:06:12.751-0300";"Aberto";[];"Foram detectados alertas críticos no servidor servidor6.nicolasf8sk4u2:"
"10795";"CHAM-406";"2025-11-27T11:06:02.584-0300";"Aberto";[];"Foram detectados alertas críticos no servidor servidor6.nicolasf8sk4u2:"
"10794";"CHAM-405";"2025-11-27T11:05:52.103-0300";"Aberto";[];"Foram detectados alertas críticos no servidor servidor6.nicolasf8sk4u2:"
"10793";"CHAM-404";"2025-11-27T11:05:41.853-0300";"Aberto";[];"Foram detectados alertas críticos no servidor servidor6.nicolasf8sk4u2:"
"10792";"CHAM-403";"2025-11-27T11:05:30.814-0300";"Aberto";[];"Foram detectados alertas críticos no servidor servidor6.nicolasf8sk4u2:"
"10791";"CHAM-402";"2025-11-27T11:05:20.616-0300";"Aberto";[];"Foram detectados alertas críticos no servidor servidor6.nicolasf8sk4u2:"
"10790";"CHAM-401";"2025-11-27T11:05:10.592-0300";"Aberto";[];"Foram detectados alertas críticos no servidor servidor6.nicolasf8sk4u2:"
"10789";"CHAM-400";"2025-11-27T11:05:00.256-0300";"Aberto";[];"Foram detectados alertas críticos no servidor servidor6.nicolasf8sk4u2:"
"10788";"CHAM-399";"2025-11-27T11:04:50.274-0300";"Aberto";[];"Foram detectados alertas críticos no servidor servidor6.nicolasf8sk4u2:"
"10787";"CHAM-398";"2025-11-27T11:04:39.645-0300";"Aberto";[];"Foram detectados alertas críticos no servidor servidor6.nicolasf8sk4u2:"
"10786";"CHAM-397";"2025-11-27T11:04:29.385-0300";"Aberto";[];"Foram detectados alertas críticos no servidor servidor6.nicolasf8sk4u2:"
"10785";"CHAM-396";"2025-11-27T11:04:19.336-0300";"Aberto";[];"Foram detectados alertas críticos no servidor servidor6.nicolasf8sk4u2:"
"10784";"CHAM-395";"2025-11-27T11:04:08.158-0300";"Aberto";[];"Foram detectados alertas críticos no servidor servidor6.nicolasf8sk4u2:"
"10783";"CHAM-394";"2025-11-27T11:03:57.895-0300";"Aberto";[];"Foram detectados alertas críticos no servidor servidor6.nicolasf8sk4u2:"
"10782";"CHAM-393";"2025-11-27T11:03:47.860-0300";"Aberto";[];"Foram detectados alertas críticos no servidor servidor6.nicolasf8sk4u2:"
"10781";"CHAM-392";"2025-11-27T11:03:37.593-0300";"Aberto";[];"Foram detectados alertas críticos no servidor servidor6.nicolasf8sk4u2:"
"10780";"CHAM-391";"2025-11-27T11:03:27.175-0300";"Aberto";[];"Foram detectados alertas críticos no servidor servidor6.nicolasf8sk4u2:"
"10779";"CHAM-390";"2025-11-27T11:03:16.790-0300";"Aberto";[];"Foram detectados alertas críticos no servidor servidor6.nicolasf8sk4u2:"
"10778";"CHAM-389";"2025-11-27T11:03:05.875-0300";"Aberto";[];"Foram detectados alertas críticos no servidor servidor6.nicolasf8sk4u2:"
"10777";"CHAM-388";"2025-11-27T11:02:55.742-0300";"Aberto";[];"Foram detectados alertas críticos no servidor servidor6.nicolasf8sk4u2:"
"10776";"CHAM-387";"2025-11-27T11:02:45.381-0300";"Aberto";[];"Foram detectados alertas críticos no servidor servidor6.nicolasf8sk4u2:"
"10775";"CHAM-386";"2025-11-27T11:02:35.177-0300";"Aberto";[];"Foram detectados alertas críticos no servidor servidor6.nicolasf8sk4u2:"
"10774";"CHAM-385";"2025-11-27T11:02:24.274-0300";"Aberto";[];"Foram detectados alertas críticos no servidor servidor6.nicolasf8sk4u2:"
"10773";"CHAM-384";"2025-11-27T11:02:13.034-0300";"Aberto";[];"Foram detectados alertas críticos no servidor servidor6.nicolasf8sk4u2:"
"10772";"CHAM-383";"2025-11-27T11:02:03.308-0300";"Aberto";[];"Foram detectados alertas críticos no servidor servidor6.nicolasf8sk4u2:"
"10771";"CHAM-382";"2025-11-27T11:01:52.544-0300";"Aberto";[];"Foram detectados alertas críticos no servidor servidor6.nicolasf8sk4u2:"
"10770";"CHAM-381";"2025-11-27T11:01:41.474-0300";"Aberto";[];"Foram detectados alertas críticos no servidor servidor6.nicolasf8sk4u2:"
"10769";"CHAM-380";"2025-11-27T11:01:30.460-0300";"Aberto";[];"Foram detectados alertas críticos no servidor servidor6.nicolasf8sk4u2:"
"10768";"CHAM-379";"2025-11-27T11:01:20.212-0300";"Aberto";[];"Foram detectados alertas críticos no servidor servidor6.nicolasf8sk4u2:"
"10767";"CHAM-378";"2025-11-27T11:01:09.981-0300";"Aberto";[];"Foram detectados alertas críticos no servidor servidor6.nicolasf8sk4u2:"
"10766";"CHAM-377";"2025-11-27T11:00:59.145-0300";"Aberto";[];"Foram detectados alertas críticos no servidor servidor6.nicolasf8sk4u2:"
"10765";"CHAM-376";"2025-11-27T11:00:48.653-0300";"Aberto";[];"Foram detectados alertas críticos no servidor servidor6.nicolasf8sk4u2:"
"10764";"CHAM-375";"2025-11-27T11:00:37.577-0300";"Aberto";[];"Foram detectados alertas críticos no servidor servidor6.nicolasf8sk4u2:"
"10763";"CHAM-374";"2025-11-27T11:00:27.104-0300";"Aberto";[];"Foram detectados alertas críticos no servidor servidor6.nicolasf8sk4u2:"
"10762";"CHAM-373";"2025-11-27T11:00:16.194-0300";"Aberto";[];"Foram detectados alertas críticos no servidor servidor6.nicolasf8sk4u2:"
"10761";"CHAM-372";"2025-11-27T11:00:05.876-0300";"Aberto";[];"Foram detectados alertas críticos no servidor servidor6.nicolasf8sk4u2:"
"10760";"CHAM-371";"2025-11-27T10:59:55.703-0300";"Aberto";[];"Foram detectados alertas críticos no servidor servidor6.nicolasf8sk4u2:"
"10759";"CHAM-370";"2025-11-27T10:59:44.811-0300";"Aberto";[];"Foram detectados alertas críticos no servidor servidor6.nicolasf8sk4u2:"
"10758";"CHAM-369";"2025-11-27T10:59:34.332-0300";"Aberto";[];"Foram detectados alertas críticos no servidor servidor6.nicolasf8sk4u2:"
"10757";"CHAM-368";"2025-11-27T10:59:23.480-0300";"Aberto";[];"Foram detectados alertas críticos no servidor servidor6.nicolasf8sk4u2:"
"10756";"CHAM-367";"2025-11-27T10:59:13.363-0300";"Aberto";[];"Foram detectados alertas críticos no servidor servidor6.nicolasf8sk4u2:"
"10755";"CHAM-366";"2025-11-27T10:59:02.011-0300";"Aberto";[];"Foram detectados alertas críticos no servidor servidor6.nicolasf8sk4u2:"
"10754";"CHAM-365";"2025-11-27T10:58:50.908-0300";"Aberto";[];"Foram detectados alertas críticos no servidor servidor6.nicolasf8sk4u2:"
"10753";"CHAM-364";"2025-11-27T10:58:40.057-0300";"Aberto";[];"Foram detectados alertas críticos no servidor servidor6.nicolasf8sk4u2:"
"10752";"CHAM-363";"2025-11-27T10:58:29.665-0300";"Aberto";[];"Foram detectados alertas críticos no servidor servidor6.nicolasf8sk4u2:"
"10751";"CHAM-362";"2025-11-27T10:58:18.386-0300";"Aberto";[];"Foram detectados alertas críticos no servidor servidor6.nicolasf8sk4u2:"
"10750";"CHAM-361";"2025-11-27T10:58:08.137-0300";"Aberto";[];"Foram detectados alertas críticos no servidor servidor6.nicolasf8sk4u2:"
"10749";"CHAM-360";"2025-11-27T10:57:57.948-0300";"Aberto";[];"Foram detectados alertas críticos no servidor servidor6.nicolasf8sk4u2:"
"10748";"CHAM-359";"2025-11-27T10:57:46.917-0300";"Aberto";[];"Foram detectados alertas críticos no servidor servidor6.nicolasf8sk4u2:"
"10747";"CHAM-358";"2025-11-27T10:57:36.833-0300";"Aberto";[];"Foram detectados alertas críticos no servidor servidor6.nicolasf8sk4u2:"
"10746";"CHAM-357";"2025-11-27T10:57:26.472-0300";"Aberto";[];"Foram detectados alertas críticos no servidor servidor6.nicolasf8sk4u2:"
"10745";"CHAM-356";"2025-11-27T10:57:15.487-0300";"Aberto";[];"Foram detectados alertas críticos no servidor servidor6.nicolasf8sk4u2:"
"10744";"CHAM-355";"2025-11-27T10:57:05.204-0300";"Aberto";[];"Foram detectados alertas críticos no servidor servidor6.nicolasf8sk4u2:"
"10743";"CHAM-354";"2025-11-27T10:56:54.793-0300";"Aberto";[];"Foram detectados alertas críticos no servidor servidor6.nicolasf8sk4u2:"
"10742";"CHAM-353";"2025-11-27T10:56:43.644-0300";"Aberto";[];"Foram detectados alertas críticos no servidor servidor6.nicolasf8sk4u2:"
"10741";"CHAM-352";"2025-11-27T10:56:33.659-0300";"Aberto";[];"Foram detectados alertas críticos no servidor servidor6.nicolasf8sk4u2:"
"10740";"CHAM-351";"2025-11-27T10:56:23.188-0300";"Aberto";[];"Foram detectados alertas críticos no servidor servidor6.nicolasf8sk4u2:"
"10739";"CHAM-350";"2025-11-27T10:56:12.355-0300";"Aberto";[];"Foram detectados alertas críticos no servidor servidor6.nicolasf8sk4u2:"
"10738";"CHAM-349";"2025-11-27T10:56:02.008-0300";"Aberto";[];"Foram detectados alertas críticos no servidor servidor6.nicolasf8sk4u2:"
"10737";"CHAM-348";"2025-11-27T10:55:51.662-0300";"Aberto";[];"Foram detectados alertas críticos no servidor servidor6.nicolasf8sk4u2:"
"10736";"CHAM-347";"2025-11-27T10:55:41.244-0300";"Aberto";[];"Foram detectados alertas críticos no servidor servidor6.nicolasf8sk4u2:"
"10735";"CHAM-346";"2025-11-27T10:55:30.407-0300";"Aberto";[];"Foram detectados alertas críticos no servidor servidor6.nicolasf8sk4u2:"
"10734";"CHAM-345";"2025-11-27T10:55:20.259-0300";"Aberto";[];"Foram detectados alertas críticos no servidor servidor6.nicolasf8sk4u2:"
"10733";"CHAM-344";"2025-11-27T10:55:08.772-0300";"Aberto";[];"Foram detectados alertas críticos no servidor servidor6.nicolasf8sk4u2:"
"10732";"CHAM-343";"2025-11-27T10:54:58.016-0300";"Aberto";[];"Foram detectados alertas críticos no servidor servidor6.nicolasf8sk4u2:"
"10731";"CHAM-342";"2025-11-27T10:54:47.809-0300";"Aberto";[];"Foram detectados alertas críticos no servidor servidor6.nicolasf8sk4u2:"
"10730";"CHAM-341";"2025-11-27T10:54:37.273-0300";"Aberto";[];"Foram detectados alertas críticos no servidor servidor6.nicolasf8sk4u2:"
"10729";"CHAM-340";"2025-11-27T10:54:26.452-0300";"Aberto";[];"Foram detectados alertas críticos no servidor servidor6.nicolasf8sk4u2:"
"10728";"CHAM-339";"2025-11-27T10:54:16.034-0300";"Aberto";[];"Foram detectados alertas críticos no servidor servidor6.nicolasf8sk4u2:"
"10727";"CHAM-338";"2025-11-27T10:54:05.221-0300";"Aberto";[];"Foram detectados alertas críticos no servidor servidor6.nicolasf8sk4u2:"
"10726";"CHAM-337";"2025-11-27T10:53:54.884-0300";"Aberto";[];"Foram detectados alertas críticos no servidor servidor6.nicolasf8sk4u2:"
"10725";"CHAM-336";"2025-11-27T10:53:43.723-0300";"Aberto";[];"Foram detectados alertas críticos no servidor servidor6.nicolasf8sk4u2:"
"10724";"CHAM-335";"2025-11-27T10:53:33.303-0300";"Aberto";[];"Foram detectados alertas críticos no servidor servidor6.nicolasf8sk4u2:"
"10723";"CHAM-334";"2025-11-27T10:53:23.268-0300";"Aberto";[];"Foram detectados alertas críticos no servidor servidor6.nicolasf8sk4u2:"
"10722";"CHAM-333";"2025-11-27T10:53:12.302-0300";"Aberto";[];"Foram detectados alertas críticos no servidor servidor6.nicolasf8sk4u2:"
"10721";"CHAM-332";"2025-11-27T10:53:01.837-0300";"Aberto";[];"Foram detectados alertas críticos no servidor servidor6.nicolasf8sk4u2:"
"10720";"CHAM-331";"2025-11-27T10:52:51.128-0300";"Aberto";[];"Foram detectados alertas críticos no servidor servidor6.nicolasf8sk4u2:"
"10719";"CHAM-330";"2025-11-27T10:52:40.651-0300";"Aberto";[];"Foram detectados alertas críticos no servidor servidor6.nicolasf8sk4u2:"
"10718";"CHAM-329";"2025-11-27T10:52:30.591-0300";"Aberto";[];"Foram detectados alertas críticos no servidor servidor6.nicolasf8sk4u2:"
"10717";"CHAM-328";"2025-11-27T10:52:19.173-0300";"Aberto";[];"Foram detectados alertas críticos no servidor servidor6.nicolasf8sk4u2:"
"10716";"CHAM-327";"2025-11-27T10:52:08.310-0300";"Aberto";[];"Foram detectados alertas críticos no servidor servidor6.nicolasf8sk4u2:"
"10715";"CHAM-326";"2025-11-27T10:51:57.975-0300";"Aberto";[];"Foram detectados alertas críticos no servidor servidor6.nicolasf8sk4u2:"
"10714";"CHAM-325";"2025-11-27T10:51:47.536-0300";"Aberto";[];"Foram detectados alertas críticos no servidor servidor6.nicolasf8sk4u2:"
"10713";"CHAM-324";"2025-11-27T10:51:37.450-0300";"Aberto";[];"Foram detectados alertas críticos no servidor servidor6.nicolasf8sk4u2:"
"10712";"CHAM-323";"2025-11-27T10:51:27.062-0300";"Aberto";[];"Foram detectados alertas críticos no servidor servidor6.nicolasf8sk4u2:"
"10711";"CHAM-322";"2025-11-27T10:51:16.247-0300";"Aberto";[];"Foram detectados alertas críticos no servidor servidor6.nicolasf8sk4u2:"
"10710";"CHAM-321";"2025-11-27T10:50:42.058-0300";"Aberto";[];"Foram detectados alertas críticos no servidor servidor6.nicolasf8sk4u2:"
"10709";"CHAM-320";"2025-11-27T10:50:30.993-0300";"Aberto";[];"Foram detectados alertas críticos no servidor servidor6.nicolasf8sk4u2:"
"10708";"CHAM-319";"2025-11-27T10:50:20.668-0300";"Aberto";[];"Foram detectados alertas críticos no servidor servidor6.nicolasf8sk4u2:"
"10707";"CHAM-318";"2025-11-27T10:50:10.457-0300";"Aberto";[];"Foram detectados alertas críticos no servidor servidor6.nicolasf8sk4u2:"
"10706";"CHAM-317";"2025-11-27T10:49:59.425-0300";"Aberto";[];"Foram detectados alertas críticos no servidor servidor6.nicolasf8sk4u2:"
"10705";"CHAM-316";"2025-11-27T10:49:49.005-0300";"Aberto";[];"Foram detectados alertas críticos no servidor servidor6.nicolasf8sk4u2:"
"10704";"CHAM-315";"2025-11-27T10:49:38.100-0300";"Aberto";[];"Foram detectados alertas críticos no servidor servidor6.nicolasf8sk4u2:"
"10703";"CHAM-314";"2025-11-27T10:49:27.990-0300";"Aberto";[];"Foram detectados alertas críticos no servidor servidor6.nicolasf8sk4u2:"
"10702";"CHAM-313";"2025-11-27T10:49:16.846-0300";"Aberto";[];"Foram detectados alertas críticos no servidor servidor6.nicolasf8sk4u2:"
"10701";"CHAM-312";"2025-11-27T10:49:06.574-0300";"Aberto";[];"Foram detectados alertas críticos no servidor servidor6.nicolasf8sk4u2:"
"10700";"CHAM-311";"2025-11-27T10:48:55.338-0300";"Aberto";[];"Foram detectados alertas críticos no servidor servidor6.nicolasf8sk4u2:"
"10699";"CHAM-310";"2025-11-27T10:48:45.244-0300";"Aberto";[];"Foram detectados alertas críticos no servidor servidor6.nicolasf8sk4u2:"
"10698";"CHAM-309";"2025-11-27T10:48:34.095-0300";"Aberto";[];"Foram detectados alertas críticos no servidor servidor6.nicolasf8sk4u2:"
"10697";"CHAM-308";"2025-11-27T10:48:23.934-0300";"Aberto";[];"Foram detectados alertas críticos no servidor servidor6.nicolasf8sk4u2:"
"10696";"CHAM-307";"2025-11-27T10:48:12.908-0300";"Aberto";[];"Foram detectados alertas críticos no servidor servidor6.nicolasf8sk4u2:"
"10695";"CHAM-306";"2025-11-27T10:48:02.750-0300";"Aberto";[];"Foram detectados alertas críticos no servidor servidor6.nicolasf8sk4u2:"
"10694";"CHAM-305";"2025-11-27T10:47:52.346-0300";"Aberto";[];"Foram detectados alertas críticos no servidor servidor6.nicolasf8sk4u2:"
"10693";"CHAM-304";"2025-11-27T10:47:41.452-0300";"Aberto";[];"Foram detectados alertas críticos no servidor servidor6.nicolasf8sk4u2:"
"10692";"CHAM-303";"2025-11-27T10:47:29.971-0300";"Aberto";[];"Foram detectados alertas críticos no servidor servidor6.nicolasf8sk4u2:"
"10691";"CHAM-302";"2025-11-27T10:47:19.966-0300";"Aberto";[];"Foram detectados alertas críticos no servidor servidor6.nicolasf8sk4u2:"
"10690";"CHAM-301";"2025-11-27T10:47:08.821-0300";"Aberto";[];"Foram detectados alertas críticos no servidor servidor6.nicolasf8sk4u2:"
"10689";"CHAM-300";"2025-11-27T10:46:57.111-0300";"Aberto";[];"Foram detectados alertas críticos no servidor servidor6.nicolasf8sk4u2:"
"10688";"CHAM-299";"2025-11-27T10:46:45.870-0300";"Aberto";[];"Foram detectados alertas críticos no servidor servidor6.nicolasf8sk4u2:"
"10687";"CHAM-298";"2025-11-27T10:46:34.831-0300";"Aberto";[];"Foram detectados alertas críticos no servidor servidor6.nicolasf8sk4u2:"
"10686";"CHAM-297";"2025-11-27T10:46:22.735-0300";"Aberto";[];"Foram detectados alertas críticos no servidor servidor6.nicolasf8sk4u2:"
"10685";"CHAM-296";"2025-11-27T10:46:11.888-0300";"Aberto";[];"Foram detectados alertas críticos no servidor servidor6.nicolasf8sk4u2:"
"10684";"CHAM-295";"2025-11-27T10:46:00.584-0300";"Aberto";[];"Foram detectados alertas críticos no servidor servidor6.nicolasf8sk4u2:"
"10683";"CHAM-294";"2025-11-27T10:45:49.491-0300";"Aberto";[];"Foram detectados alertas críticos no servidor servidor6.nicolasf8sk4u2:"
"10682";"CHAM-293";"2025-11-27T10:45:38.621-0300";"Aberto";[];"Foram detectados alertas críticos no servidor servidor6.nicolasf8sk4u2:"
"10681";"CHAM-292";"2025-11-27T10:45:27.365-0300";"Aberto";[];"Foram detectados alertas críticos no servidor servidor6.nicolasf8sk4u2:"
"10680";"CHAM-291";"2025-11-27T10:45:16.064-0300";"Aberto";[];"Foram detectados alertas críticos no servidor servidor6.nicolasf8sk4u2:"
"10679";"CHAM-290";"2025-11-27T10:45:05.436-0300";"Aberto";[];"Foram detectados alertas críticos no servidor servidor6.nicolasf8sk4u2:"
"10678";"CHAM-289";"2025-11-27T10:44:54.239-0300";"Aberto";[];"Foram detectados alertas críticos no servidor servidor6.nicolasf8sk4u2:"
"10677";"CHAM-288";"2025-11-27T10:44:43.056-0300";"Aberto";[];"Foram detectados alertas críticos no servidor servidor6.nicolasf8sk4u2:"
"10676";"CHAM-287";"2025-11-27T10:44:32.791-0300";"Aberto";[];"Foram detectados alertas críticos no servidor servidor6.nicolasf8sk4u2:"
"10675";"CHAM-286";"2025-11-27T10:44:21.973-0300";"Aberto";[];"Foram detectados alertas críticos no servidor servidor6.nicolasf8sk4u2:"
"10674";"CHAM-285";"2025-11-27T10:44:10.650-0300";"Aberto";[];"Foram detectados alertas críticos no servidor servidor6.nicolasf8sk4u2:"
"10673";"CHAM-284";"2025-11-27T10:43:59.493-0300";"Aberto";[];"Foram detectados alertas críticos no servidor servidor6.nicolasf8sk4u2:"
"10672";"CHAM-283";"2025-11-27T10:43:48.402-0300";"Aberto";[];"Foram detectados alertas críticos no servidor servidor6.nicolasf8sk4u2:"
"10671";"CHAM-282";"2025-11-27T10:43:37.492-0300";"Aberto";[];"Foram detectados alertas críticos no servidor servidor6.nicolasf8sk4u2:"
"10670";"CHAM-281";"2025-11-27T10:43:26.640-0300";"Aberto";[];"Foram detectados alertas críticos no servidor servidor6.nicolasf8sk4u2:"
"10669";"CHAM-280";"2025-11-27T10:43:15.089-0300";"Aberto";[];"Foram detectados alertas críticos no servidor servidor6.nicolasf8sk4u2:"
"10668";"CHAM-279";"2025-11-27T10:43:04.199-0300";"Aberto";[];"Foram detectados alertas críticos no servidor servidor6.nicolasf8sk4u2:"
"10667";"CHAM-278";"2025-11-27T10:42:52.866-0300";"Aberto";[];"Foram detectados alertas críticos no servidor servidor6.nicolasf8sk4u2:"
"10666";"CHAM-277";"2025-11-27T10:42:41.975-0300";"Aberto";[];"Foram detectados alertas críticos no servidor servidor6.nicolasf8sk4u2:"
"10665";"CHAM-276";"2025-11-27T10:42:30.813-0300";"Aberto";[];"Foram detectados alertas críticos no servidor servidor6.nicolasf8sk4u2:"
"10664";"CHAM-275";"2025-11-27T10:42:19.626-0300";"Aberto";[];"Foram detectados alertas críticos no servidor servidor6.nicolasf8sk4u2:"
"10663";"CHAM-274";"2025-11-27T10:42:08.834-0300";"Aberto";[];"Foram detectados alertas críticos no servidor servidor6.nicolasf8sk4u2:"
"10662";"CHAM-273";"2025-11-27T10:41:57.697-0300";"Aberto";[];"Foram detectados alertas críticos no servidor servidor6.nicolasf8sk4u2:"
"10661";"CHAM-272";"2025-11-27T10:41:46.647-0300";"Aberto";[];"Foram detectados alertas críticos no servidor servidor6.nicolasf8sk4u2:"
"10660";"CHAM-271";"2025-11-27T10:41:36.439-0300";"Aberto";[];"Foram detectados alertas críticos no servidor servidor6.nicolasf8sk4u2:"
"10659";"CHAM-270";"2025-11-27T10:41:25.107-0300";"Aberto";[];"Foram detectados alertas críticos no servidor servidor6.nicolasf8sk4u2:"
"10658";"CHAM-269";"2025-11-27T10:41:13.941-0300";"Aberto";[];"Foram detectados alertas críticos no servidor servidor6.nicolasf8sk4u2:"
"10657";"CHAM-268";"2025-11-27T10:41:02.833-0300";"Aberto";[];"Foram detectados alertas críticos no servidor servidor6.nicolasf8sk4u2:"
"10656";"CHAM-267";"2025-11-27T10:40:51.300-0300";"Aberto";[];"Foram detectados alertas críticos no servidor servidor6.nicolasf8sk4u2:"
"10655";"CHAM-266";"2025-11-27T10:40:40.143-0300";"Aberto";[];"Foram detectados alertas críticos no servidor servidor6.nicolasf8sk4u2:"
"10654";"CHAM-265";"2025-11-27T10:40:29.630-0300";"Aberto";[];"Foram detectados alertas críticos no servidor servidor6.nicolasf8sk4u2:"
"10653";"CHAM-264";"2025-11-27T10:40:18.707-0300";"Aberto";[];"Foram detectados alertas críticos no servidor servidor6.nicolasf8sk4u2:"
"10652";"CHAM-263";"2025-11-27T10:40:07.498-0300";"Aberto";[];"Foram detectados alertas críticos no servidor servidor6.nicolasf8sk4u2:"
"10651";"CHAM-262";"2025-11-27T10:39:56.646-0300";"Aberto";[];"Foram detectados alertas críticos no servidor servidor6.nicolasf8sk4u2:"
"10650";"CHAM-261";"2025-11-27T10:39:45.331-0300";"Aberto";[];"Foram detectados alertas críticos no servidor servidor6.nicolasf8sk4u2:"
"10649";"CHAM-260";"2025-11-27T10:39:33.601-0300";"Aberto";[];"Foram detectados alertas críticos no servidor servidor6.nicolasf8sk4u2:"
"10648";"CHAM-259";"2025-11-27T10:39:23.239-0300";"Aberto";[];"Foram detectados alertas críticos no servidor servidor6.nicolasf8sk4u2:"
"10647";"CHAM-258";"2025-11-27T10:39:11.608-0300";"Aberto";[];"Foram detectados alertas críticos no servidor servidor6.nicolasf8sk4u2:"
"10646";"CHAM-257";"2025-11-27T10:39:02.625-0300";"Aberto";[];"Foram detectados alertas críticos no servidor servidor6.nicolasf8sk4u2:"
"10613";"CHAM-256";"2025-11-26T10:37:49.576-0300";"Aberto";[];"Foram detectados alertas críticos no servidor servidor6.nicolasf8sk4u2:"
"10580";"CHAM-255";"2025-11-25T15:25:53.717-0300";"Aberto";[];"Foram detectados alertas críticos no servidor servidor6.nicolasf8sk4u2:"
"10579";"CHAM-254";"2025-11-25T15:22:30.626-0300";"Aberto";[];"Foram detectados alertas críticos no servidor servidor6.nicolasf8sk4u2:"
"10578";"CHAM-253";"2025-11-25T15:22:28.654-0300";"Aberto";[];"Foram detectados alertas críticos no servidor servidor6.nicolasf8sk4u2:"
"10577";"CHAM-252";"2025-11-25T15:22:26.709-0300";"Aberto";[];"Foram detectados alertas críticos no servidor servidor6.nicolasf8sk4u2:"
"10576";"CHAM-251";"2025-11-25T14:59:50.067-0300";"Aberto";[];"Foram detectados alertas críticos no servidor servidor6.nicolasf8sk4u2:"
"10575";"CHAM-250";"2025-11-25T14:59:48.744-0300";"Aberto";[];"Foram detectados alertas críticos no servidor servidor6.nicolasf8sk4u2:"
"10574";"CHAM-249";"2025-11-25T14:59:46.743-0300";"Aberto";[];"Foram detectados alertas críticos no servidor servidor6.nicolasf8sk4u2:"
"10541";"CHAM-248";"2025-11-23T19:39:38.750-0300";"Concluído";[];"Foram detectados alertas críticos no servidor servidor6.nicolasf8sk4u2:"
"10540";"CHAM-247";"2025-11-23T19:39:28.397-0300";"Concluído";[];"Foram detectados alertas críticos no servidor servidor6.nicolasf8sk4u2:"
"10539";"CHAM-246";"2025-11-23T19:39:17.430-0300";"Concluído";[];"Foram detectados alertas críticos no servidor servidor6.nicolasf8sk4u2:"
"10538";"CHAM-245";"2025-11-23T19:39:07.287-0300";"Concluído";[];"Foram detectados alertas críticos no servidor servidor6.nicolasf8sk4u2:"
"10537";"CHAM-244";"2025-11-23T19:38:56.922-0300";"Concluído";[];"Foram detectados alertas críticos no servidor servidor6.nicolasf8sk4u2:"
"10536";"CHAM-243";"2025-11-23T19:38:46.731-0300";"Aberto";[];"Foram detectados alertas críticos no servidor servidor6.nicolasf8sk4u2:"
"10535";"CHAM-242";"2025-11-23T19:38:36.532-0300";"Concluído";[];"Foram detectados alertas críticos no servidor servidor6.nicolasf8sk4u2:"
"10534";"CHAM-241";"2025-11-23T19:38:25.446-0300";"Concluído";[];"Foram detectados alertas críticos no servidor servidor6.nicolasf8sk4u2:"
"10533";"CHAM-240";"2025-11-23T19:38:13.570-0300";"Concluído";[];"Foram detectados alertas críticos no servidor servidor6.nicolasf8sk4u2:"
"10532";"CHAM-239";"2025-11-23T19:38:03.356-0300";"Concluído";[];"Foram detectados alertas críticos no servidor servidor6.nicolasf8sk4u2:"
"10531";"CHAM-238";"2025-11-23T19:37:53.016-0300";"Concluído";[];"Foram detectados alertas críticos no servidor servidor6.nicolasf8sk4u2:"
"10530";"CHAM-237";"2025-11-23T19:37:42.803-0300";"Concluído";[];"Foram detectados alertas críticos no servidor servidor6.nicolasf8sk4u2:"
"10529";"CHAM-236";"2025-11-23T19:37:33.040-0300";"Concluído";[];"Foram detectados alertas críticos no servidor servidor6.nicolasf8sk4u2:"
"10528";"CHAM-235";"2025-11-23T19:37:32.773-0300";"Concluído";[];"Foram detectados alertas críticos no servidor servidor6.nicolasf8sk4u2:"
"10527";"CHAM-234";"2025-11-23T19:37:23.054-0300";"Concluído";[];"Foram detectados alertas críticos no servidor servidor6.nicolasf8sk4u2:"
"10526";"CHAM-233";"2025-11-23T19:02:03.266-0300";"Concluído";[];"Foram detectados alertas críticos no servidor servidor6.nicolasf8sk4u2:"
"10525";"CHAM-232";"2025-11-23T19:01:50.191-0300";"Concluído";[];"Foram detectados alertas críticos no servidor servidor6.nicolasf8sk4u2:"
"10524";"CHAM-231";"2025-11-23T19:01:39.212-0300";"Concluído";[];"Foram detectados alertas críticos no servidor servidor6.nicolasf8sk4u2:"
"10523";"CHAM-230";"2025-11-23T19:01:27.253-0300";"Concluído";[];"Foram detectados alertas críticos no servidor servidor6.nicolasf8sk4u2:"
"10522";"CHAM-229";"2025-11-23T19:01:16.211-0300";"Concluído";[];"Foram detectados alertas críticos no servidor servidor6.nicolasf8sk4u2:"
"10521";"CHAM-228";"2025-11-23T19:01:04.468-0300";"Aberto";[];"Foram detectados alertas críticos no servidor servidor6.nicolasf8sk4u2:"
"10520";"CHAM-227";"2025-11-23T19:00:51.709-0300";"Concluído";[];"Foram detectados alertas críticos no servidor servidor6.nicolasf8sk4u2:"
"10519";"CHAM-226";"2025-11-23T19:00:39.608-0300";"Concluído";[];"Foram detectados alertas críticos no servidor servidor6.nicolasf8sk4u2:"
"10518";"CHAM-225";"2025-11-23T19:00:27.548-0300";"Concluído";[];"Foram detectados alertas críticos no servidor servidor6.nicolasf8sk4u2:"
"10517";"CHAM-224";"2025-11-23T19:00:15.924-0300";"Aberto";[];"Foram detectados alertas críticos no servidor servidor6.nicolasf8sk4u2:"
"10516";"CHAM-223";"2025-11-23T19:00:02.976-0300";"Aberto";[];"Foram detectados alertas críticos no servidor servidor6.nicolasf8sk4u2:"
"10515";"CHAM-222";"2025-11-23T18:59:51.171-0300";"Concluído";[];"Foram detectados alertas críticos no servidor servidor6.nicolasf8sk4u2:"
"10514";"CHAM-221";"2025-11-23T18:59:39.104-0300";"Concluído";[];"Foram detectados alertas críticos no servidor servidor6.nicolasf8sk4u2:"
"10513";"CHAM-220";"2025-11-23T18:59:26.200-0300";"Concluído";[];"Foram detectados alertas críticos no servidor servidor6.nicolasf8sk4u2:"
"10512";"CHAM-219";"2025-11-23T18:59:11.751-0300";"Aberto";[];"Foram detectados alertas críticos no servidor servidor6.nicolasf8sk4u2:"
"10511";"CHAM-218";"2025-11-23T18:58:57.908-0300";"Concluído";[];"Foram detectados alertas críticos no servidor servidor6.nicolasf8sk4u2:"
"10510";"CHAM-217";"2025-11-23T18:58:44.430-0300";"Concluído";[];"Foram detectados alertas críticos no servidor servidor6.nicolasf8sk4u2:"
"10509";"CHAM-216";"2025-11-23T18:58:32.322-0300";"Concluído";[];"Foram detectados alertas críticos no servidor servidor6.nicolasf8sk4u2:"
"10508";"CHAM-215";"2025-11-23T18:58:19.670-0300";"Concluído";[];"Foram detectados alertas críticos no servidor servidor6.nicolasf8sk4u2:"
"10507";"CHAM-214";"2025-11-23T18:58:07.823-0300";"Concluído";[];"Foram detectados alertas críticos no servidor servidor6.nicolasf8sk4u2:"
"10506";"CHAM-213";"2025-11-23T18:57:55.838-0300";"Concluído";[];"Foram detectados alertas críticos no servidor servidor6.nicolasf8sk4u2:"
"10505";"CHAM-212";"2025-11-23T18:57:41.216-0300";"Concluído";[];"Foram detectados alertas críticos no servidor servidor6.nicolasf8sk4u2:"
"10504";"CHAM-211";"2025-11-23T18:57:25.788-0300";"Concluído";[];"Foram detectados alertas críticos no servidor servidor6.nicolasf8sk4u2:"
"10503";"CHAM-210";"2025-11-23T18:57:11.315-0300";"Concluído";[];"Foram detectados alertas críticos no servidor servidor6.nicolasf8sk4u2:"
"10502";"CHAM-209";"2025-11-23T18:56:58.467-0300";"Concluído";[];"Foram detectados alertas críticos no servidor servidor6.nicolasf8sk4u2:"
"10501";"CHAM-208";"2025-11-23T18:56:45.694-0300";"Concluído";[];"Foram detectados alertas críticos no servidor servidor6.nicolasf8sk4u2:"
"10500";"CHAM-207";"2025-11-23T18:56:33.849-0300";"Concluído";[];"Foram detectados alertas críticos no servidor servidor6.nicolasf8sk4u2:"
"10499";"CHAM-206";"2025-11-23T18:56:21.207-0300";"Concluído";[];"Foram detectados alertas críticos no servidor servidor6.nicolasf8sk4u2:"
"10498";"CHAM-205";"2025-11-23T18:56:09.940-0300";"Concluído";[];"Foram detectados alertas críticos no servidor servidor6.nicolasf8sk4u2:"
"10497";"CHAM-204";"2025-11-23T18:55:57.280-0300";"Concluído";[];"Foram detectados alertas críticos no servidor servidor6.nicolasf8sk4u2:"
"10496";"CHAM-203";"2025-11-23T18:55:43.991-0300";"Concluído";[];"Foram detectados alertas críticos no servidor servidor6.nicolasf8sk4u2:"
"10495";"CHAM-202";"2025-11-23T18:55:30.920-0300";"Concluído";[];"Foram detectados alertas críticos no servidor servidor6.nicolasf8sk4u2:"
"10494";"CHAM-201";"2025-11-23T18:55:18.728-0300";"Concluído";[];"Foram detectados alertas críticos no servidor servidor6.nicolasf8sk4u2:"
"10493";"CHAM-200";"2025-11-23T18:55:06.014-0300";"Concluído";[];"Foram detectados alertas críticos no servidor servidor6.nicolasf8sk4u2:"
"10492";"CHAM-199";"2025-11-23T18:54:53.384-0300";"Concluído";[];"Foram detectados alertas críticos no servidor servidor6.nicolasf8sk4u2:"
"10491";"CHAM-198";"2025-11-23T18:54:41.206-0300";"Concluído";[];"Foram detectados alertas críticos no servidor servidor6.nicolasf8sk4u2:"
"10490";"CHAM-197";"2025-11-23T18:54:28.545-0300";"Concluído";[];"Foram detectados alertas críticos no servidor servidor6.nicolasf8sk4u2:"
"10489";"CHAM-196";"2025-11-23T18:54:16.676-0300";"Concluído";[];"Foram detectados alertas críticos no servidor servidor6.nicolasf8sk4u2:"
"10488";"CHAM-195";"2025-11-23T18:54:03.824-0300";"Concluído";[];"Foram detectados alertas críticos no servidor servidor6.nicolasf8sk4u2:"
"10487";"CHAM-194";"2025-11-23T18:53:51.022-0300";"Concluído";[];"Foram detectados alertas críticos no servidor servidor6.nicolasf8sk4u2:"
"10486";"CHAM-193";"2025-11-23T18:53:38.171-0300";"Concluído";[];"Foram detectados alertas críticos no servidor servidor6.nicolasf8sk4u2:"
"10485";"CHAM-192";"2025-11-23T18:53:25.406-0300";"Concluído";[];"Foram detectados alertas críticos no servidor servidor6.nicolasf8sk4u2:"
"10484";"CHAM-191";"2025-11-23T18:53:12.690-0300";"Concluído";[];"Foram detectados alertas críticos no servidor servidor6.nicolasf8sk4u2:"
"10483";"CHAM-190";"2025-11-23T18:53:01.682-0300";"Concluído";[];"Foram detectados alertas críticos no servidor servidor6.nicolasf8sk4u2:"
"10482";"CHAM-189";"2025-11-23T18:52:49.424-0300";"Concluído";[];"Foram detectados alertas críticos no servidor servidor6.nicolasf8sk4u2:"
"10481";"CHAM-188";"2025-11-23T18:52:37.593-0300";"Concluído";[];"Foram detectados alertas críticos no servidor servidor6.nicolasf8sk4u2:"
"10480";"CHAM-187";"2025-11-23T18:52:25.731-0300";"Concluído";[];"Foram detectados alertas críticos no servidor servidor6.nicolasf8sk4u2:"
"10479";"CHAM-186";"2025-11-23T18:52:12.895-0300";"Concluído";[];"Foram detectados alertas críticos no servidor servidor6.nicolasf8sk4u2:"
"10478";"CHAM-185";"2025-11-23T18:52:01.189-0300";"Concluído";[];"Foram detectados alertas críticos no servidor servidor6.nicolasf8sk4u2:"
"10477";"CHAM-184";"2025-11-23T18:51:48.314-0300";"Concluído";[];"Foram detectados alertas críticos no servidor servidor6.nicolasf8sk4u2:"
"10476";"CHAM-183";"2025-11-23T18:51:36.255-0300";"Concluído";[];"Foram detectados alertas críticos no servidor servidor6.nicolasf8sk4u2:"
"10475";"CHAM-182";"2025-11-23T18:51:24.513-0300";"Concluído";[];"Foram detectados alertas críticos no servidor servidor6.nicolasf8sk4u2:"
"10474";"CHAM-181";"2025-11-23T18:51:10.940-0300";"Concluído";[];"Foram detectados alertas críticos no servidor servidor6.nicolasf8sk4u2:"
"10473";"CHAM-180";"2025-11-23T18:50:53.675-0300";"Concluído";[];"Foram detectados alertas críticos no servidor servidor6.nicolasf8sk4u2:"
"10472";"CHAM-179";"2025-11-23T18:50:35.753-0300";"Concluído";[];"Foram detectados alertas críticos no servidor servidor6.nicolasf8sk4u2:"
"10471";"CHAM-178";"2025-11-23T18:50:23.150-0300";"Concluído";[];"Foram detectados alertas críticos no servidor servidor6.nicolasf8sk4u2:"
"10470";"CHAM-177";"2025-11-23T18:50:10.070-0300";"Concluído";[];"Foram detectados alertas críticos no servidor servidor6.nicolasf8sk4u2:"
"10469";"CHAM-176";"2025-11-23T18:49:57.361-0300";"Concluído";[];"Foram detectados alertas críticos no servidor servidor6.nicolasf8sk4u2:"
"10468";"CHAM-175";"2025-11-23T18:49:45.611-0300";"Concluído";[];"Foram detectados alertas críticos no servidor servidor6.nicolasf8sk4u2:"
"10467";"CHAM-174";"2025-11-23T18:49:33.569-0300";"Concluído";[];"Foram detectados alertas críticos no servidor servidor6.nicolasf8sk4u2:"
"10466";"CHAM-173";"2025-11-23T18:49:20.886-0300";"Concluído";[];"Foram detectados alertas críticos no servidor servidor6.nicolasf8sk4u2:"
"10465";"CHAM-172";"2025-11-23T18:49:07.947-0300";"Concluído";[];"Foram detectados alertas críticos no servidor servidor6.nicolasf8sk4u2:"
"10464";"CHAM-171";"2025-11-23T18:48:55.185-0300";"Concluído";[];"Foram detectados alertas críticos no servidor servidor6.nicolasf8sk4u2:"
"10463";"CHAM-170";"2025-11-23T18:48:43.872-0300";"Concluído";[];"Foram detectados alertas críticos no servidor servidor6.nicolasf8sk4u2:"
"10462";"CHAM-169";"2025-11-23T18:48:32.310-0300";"Concluído";[];"Foram detectados alertas críticos no servidor servidor6.nicolasf8sk4u2:"
"10461";"CHAM-168";"2025-11-23T18:48:20.359-0300";"Concluído";[];"Foram detectados alertas críticos no servidor servidor6.nicolasf8sk4u2:"
"10460";"CHAM-167";"2025-11-23T18:48:09.241-0300";"Concluído";[];"Foram detectados alertas críticos no servidor servidor6.nicolasf8sk4u2:"
"10459";"CHAM-166";"2025-11-23T18:47:57.285-0300";"Concluído";[];"Foram detectados alertas críticos no servidor servidor6.nicolasf8sk4u2:"
"10458";"CHAM-165";"2025-11-23T18:47:45.921-0300";"Concluído";[];"Foram detectados alertas críticos no servidor servidor6.nicolasf8sk4u2:"
"10457";"CHAM-164";"2025-11-23T18:47:33.405-0300";"Concluído";[];"Foram detectados alertas críticos no servidor servidor6.nicolasf8sk4u2:"
"10456";"CHAM-163";"2025-11-23T18:47:21.324-0300";"Concluído";[];"Foram detectados alertas críticos no servidor servidor6.nicolasf8sk4u2:"
"10455";"CHAM-162";"2025-11-23T18:47:09.649-0300";"Concluído";[];"Foram detectados alertas críticos no servidor servidor6.nicolasf8sk4u2:"
"10454";"CHAM-161";"2025-11-23T18:46:54.735-0300";"Concluído";[];"Foram detectados alertas críticos no servidor servidor6.nicolasf8sk4u2:"
"10453";"CHAM-160";"2025-11-23T18:46:43.110-0300";"Concluído";[];"Foram detectados alertas críticos no servidor servidor6.nicolasf8sk4u2:"
"10452";"CHAM-159";"2025-11-23T18:46:30.197-0300";"Concluído";[];"Foram detectados alertas críticos no servidor servidor6.nicolasf8sk4u2:"
"10451";"CHAM-158";"2025-11-23T18:46:19.182-0300";"Concluído";[];"Foram detectados alertas críticos no servidor servidor6.nicolasf8sk4u2:"
"10450";"CHAM-157";"2025-11-23T18:46:07.418-0300";"Concluído";[];"Foram detectados alertas críticos no servidor servidor6.nicolasf8sk4u2:"
"10449";"CHAM-156";"2025-11-23T18:45:55.379-0300";"Concluído";[];"Foram detectados alertas críticos no servidor servidor6.nicolasf8sk4u2:"
"10448";"CHAM-155";"2025-11-23T18:45:43.428-0300";"Concluído";[];"Foram detectados alertas críticos no servidor servidor6.nicolasf8sk4u2:"
"10447";"CHAM-154";"2025-11-23T18:45:31.427-0300";"Concluído";[];"Foram detectados alertas críticos no servidor servidor6.nicolasf8sk4u2:"
"10446";"CHAM-153";"2025-11-23T18:45:20.363-0300";"Concluído";[];"Foram detectados alertas críticos no servidor servidor6.nicolasf8sk4u2:"
"10445";"CHAM-152";"2025-11-23T18:45:08.198-0300";"Concluído";[];"Foram detectados alertas críticos no servidor servidor6.nicolasf8sk4u2:"
"10444";"CHAM-151";"2025-11-23T18:44:56.399-0300";"Concluído";[];"Foram detectados alertas críticos no servidor servidor6.nicolasf8sk4u2:"
"10443";"CHAM-150";"2025-11-23T18:44:44.544-0300";"Concluído";[];"Foram detectados alertas críticos no servidor servidor6.nicolasf8sk4u2:"
"10442";"CHAM-149";"2025-11-23T18:44:32.509-0300";"Concluído";[];"Foram detectados alertas críticos no servidor servidor6.nicolasf8sk4u2:"
"10441";"CHAM-148";"2025-11-23T18:44:20.886-0300";"Concluído";[];"Foram detectados alertas críticos no servidor servidor6.nicolasf8sk4u2:"
"10440";"CHAM-147";"2025-11-23T18:44:08.844-0300";"Concluído";[];"Foram detectados alertas críticos no servidor servidor6.nicolasf8sk4u2:"
"10439";"CHAM-146";"2025-11-23T18:43:56.647-0300";"Concluído";[];"Foram detectados alertas críticos no servidor servidor6.nicolasf8sk4u2:"
"10438";"CHAM-145";"2025-11-23T18:43:43.988-0300";"Concluído";[];"Foram detectados alertas críticos no servidor servidor6.nicolasf8sk4u2:"
"10437";"CHAM-144";"2025-11-23T18:43:32.778-0300";"Concluído";[];"Foram detectados alertas críticos no servidor servidor6.nicolasf8sk4u2:"
"10436";"CHAM-143";"2025-11-23T18:43:20.125-0300";"Concluído";[];"Foram detectados alertas críticos no servidor servidor6.nicolasf8sk4u2:"
"10435";"CHAM-142";"2025-11-23T18:43:08.975-0300";"Concluído";[];"Foram detectados alertas críticos no servidor servidor6.nicolasf8sk4u2:"
"10434";"CHAM-141";"2025-11-23T18:42:57.048-0300";"Concluído";[];"Foram detectados alertas críticos no servidor servidor6.nicolasf8sk4u2:"
"10433";"CHAM-140";"2025-11-23T18:42:45.060-0300";"Concluído";[];"Foram detectados alertas críticos no servidor servidor6.nicolasf8sk4u2:"
"10432";"CHAM-139";"2025-11-23T18:42:33.284-0300";"Concluído";[];"Foram detectados alertas críticos no servidor servidor6.nicolasf8sk4u2:"
"10431";"CHAM-138";"2025-11-23T18:42:21.306-0300";"Concluído";[];"Foram detectados alertas críticos no servidor servidor6.nicolasf8sk4u2:"
"10430";"CHAM-137";"2025-11-23T18:42:10.165-0300";"Concluído";[];"Foram detectados alertas críticos no servidor servidor6.nicolasf8sk4u2:"
"10429";"CHAM-136";"2025-11-23T18:41:58.325-0300";"Concluído";[];"Foram detectados alertas críticos no servidor servidor6.nicolasf8sk4u2:"
"10428";"CHAM-135";"2025-11-23T18:41:47.147-0300";"Concluído";[];"Foram detectados alertas críticos no servidor servidor6.nicolasf8sk4u2:"
"10427";"CHAM-134";"2025-11-23T18:41:35.368-0300";"Concluído";[];"Foram detectados alertas críticos no servidor servidor6.nicolasf8sk4u2:"
"10426";"CHAM-133";"2025-11-23T18:41:23.366-0300";"Concluído";[];"Foram detectados alertas críticos no servidor servidor6.nicolasf8sk4u2:"
"10425";"CHAM-132";"2025-11-23T18:41:11.404-0300";"Concluído";[];"Foram detectados alertas críticos no servidor servidor6.nicolasf8sk4u2:"
"10424";"CHAM-131";"2025-11-23T18:40:59.479-0300";"Concluído";[];"Foram detectados alertas críticos no servidor servidor6.nicolasf8sk4u2:"
"10423";"CHAM-130";"2025-11-23T18:40:47.709-0300";"Concluído";[];"Foram detectados alertas críticos no servidor servidor6.nicolasf8sk4u2:"
"10422";"CHAM-129";"2025-11-23T18:40:34.866-0300";"Concluído";[];"Foram detectados alertas críticos no servidor servidor6.nicolasf8sk4u2:"
"10421";"CHAM-128";"2025-11-23T18:40:22.923-0300";"Concluído";[];"Foram detectados alertas críticos no servidor servidor6.nicolasf8sk4u2:"
"10420";"CHAM-127";"2025-11-23T18:40:10.789-0300";"Concluído";[];"Foram detectados alertas críticos no servidor servidor6.nicolasf8sk4u2:"
"10419";"CHAM-126";"2025-11-23T18:39:59.113-0300";"Concluído";[];"Foram detectados alertas críticos no servidor servidor6.nicolasf8sk4u2:"
"10418";"CHAM-125";"2025-11-23T18:39:47.099-0300";"Concluído";[];"Foram detectados alertas críticos no servidor servidor6.nicolasf8sk4u2:"
"10417";"CHAM-124";"2025-11-23T18:39:35.931-0300";"Concluído";[];"Foram detectados alertas críticos no servidor servidor6.nicolasf8sk4u2:"
"10416";"CHAM-123";"2025-11-23T18:39:23.964-0300";"Concluído";[];"Foram detectados alertas críticos no servidor servidor6.nicolasf8sk4u2:"
"10415";"CHAM-122";"2025-11-23T18:39:12.213-0300";"Concluído";[];"Foram detectados alertas críticos no servidor servidor6.nicolasf8sk4u2:"
"10414";"CHAM-121";"2025-11-23T18:39:00.868-0300";"Concluído";[];"Foram detectados alertas críticos no servidor servidor6.nicolasf8sk4u2:"
"10413";"CHAM-120";"2025-11-23T18:38:49.129-0300";"Concluído";[];"Foram detectados alertas críticos no servidor servidor6.nicolasf8sk4u2:"
"10412";"CHAM-119";"2025-11-23T18:38:38.163-0300";"Concluído";[];"Foram detectados alertas críticos no servidor servidor6.nicolasf8sk4u2:"
"10411";"CHAM-118";"2025-11-23T18:38:27.021-0300";"Concluído";[];"Foram detectados alertas críticos no servidor servidor6.nicolasf8sk4u2:"
"10410";"CHAM-117";"2025-11-23T18:38:14.824-0300";"Concluído";[];"Foram detectados alertas críticos no servidor servidor6.nicolasf8sk4u2:"
"10409";"CHAM-116";"2025-11-23T18:38:03.058-0300";"Concluído";[];"Foram detectados alertas críticos no servidor servidor6.nicolasf8sk4u2:"
"10408";"CHAM-115";"2025-11-23T18:37:51.917-0300";"Pending";[];"Foram detectados alertas críticos no servidor servidor6.nicolasf8sk4u2:"
"10407";"CHAM-114";"2025-11-23T18:37:40.147-0300";"Pending";[];"Foram detectados alertas críticos no servidor servidor6.nicolasf8sk4u2:"
"10406";"CHAM-113";"2025-11-23T18:37:28.920-0300";"Pending";[];"Foram detectados alertas críticos no servidor servidor6.nicolasf8sk4u2:"
"10405";"CHAM-112";"2025-11-23T18:37:17.902-0300";"Pending";[];"Foram detectados alertas críticos no servidor servidor6.nicolasf8sk4u2:"
"10404";"CHAM-111";"2025-11-23T18:37:06.730-0300";"Pending";[];"Foram detectados alertas críticos no servidor servidor6.nicolasf8sk4u2:"
"10403";"CHAM-110";"2025-11-23T18:36:55.827-0300";"Pending";[];"Foram detectados alertas críticos no servidor servidor6.nicolasf8sk4u2:"
"10402";"CHAM-109";"2025-11-23T18:36:44.793-0300";"Pending";[];"Foram detectados alertas críticos no servidor servidor6.nicolasf8sk4u2:"
"10401";"CHAM-108";"2025-11-23T18:36:33.422-0300";"Pending";[];"Foram detectados alertas críticos no servidor servidor6.nicolasf8sk4u2:"
"10400";"CHAM-107";"2025-11-23T18:36:23.187-0300";"Pending";[];"Foram detectados alertas críticos no servidor servidor6.nicolasf8sk4u2:"
"10399";"CHAM-106";"2025-11-23T18:36:12.093-0300";"Pending";[];"Foram detectados alertas críticos no servidor servidor6.nicolasf8sk4u2:"
"10398";"CHAM-105";"2025-11-23T18:36:01.200-0300";"Pending";[];"Foram detectados alertas críticos no servidor servidor6.nicolasf8sk4u2:"
"10397";"CHAM-104";"2025-11-23T18:35:49.354-0300";"Pending";[];"Foram detectados alertas críticos no servidor servidor6.nicolasf8sk4u2:"
"10396";"CHAM-103";"2025-11-23T18:35:38.315-0300";"Pending";[];"Foram detectados alertas críticos no servidor servidor6.nicolasf8sk4u2:"
"10395";"CHAM-102";"2025-11-23T18:35:27.184-0300";"Pending";[];"Foram detectados alertas críticos no servidor servidor6.nicolasf8sk4u2:"
"10394";"CHAM-101";"2025-11-23T18:35:15.888-0300";"Pending";[];"Foram detectados alertas críticos no servidor servidor6.nicolasf8sk4u2:"
"10393";"CHAM-100";"2025-11-23T18:35:04.672-0300";"Concluído";[];"Foram detectados alertas críticos no servidor servidor6.nicolasf8sk4u2:"
"10392";"CHAM-99";"2025-11-23T18:34:53.763-0300";"Concluído";[];"Foram detectados alertas críticos no servidor servidor6.nicolasf8sk4u2:"
"10391";"CHAM-98";"2025-11-23T18:34:39.261-0300";"Concluído";[];"Foram detectados alertas críticos no servidor servidor6.nicolasf8sk4u2:"
"10390";"CHAM-97";"2025-11-23T18:34:29.132-0300";"Concluído";[];"Foram detectados alertas críticos no servidor servidor6.nicolasf8sk4u2:"
"10389";"CHAM-96";"2025-11-23T18:34:18.105-0300";"Concluído";[];"Foram detectados alertas críticos no servidor servidor6.nicolasf8sk4u2:"
"10388";"CHAM-95";"2025-11-23T18:34:06.029-0300";"Concluído";[];"Foram detectados alertas críticos no servidor servidor6.nicolasf8sk4u2:"
"10387";"CHAM-94";"2025-11-23T18:33:54.891-0300";"Concluído";[];"Foram detectados alertas críticos no servidor servidor6.nicolasf8sk4u2:"
"10386";"CHAM-93";"2025-11-23T18:33:43.849-0300";"Concluído";[];"Foram detectados alertas críticos no servidor servidor6.nicolasf8sk4u2:"
"10385";"CHAM-92";"2025-11-23T18:33:32.771-0300";"Concluído";[];"Foram detectados alertas críticos no servidor servidor6.nicolasf8sk4u2:"
"10384";"CHAM-91";"2025-11-23T18:33:21.748-0300";"Concluído";[];"Foram detectados alertas críticos no servidor servidor6.nicolasf8sk4u2:"
"10383";"CHAM-90";"2025-11-23T18:33:05.437-0300";"Concluído";[];"Foram detectados alertas críticos no servidor servidor6.nicolasf8sk4u2:"
"10382";"CHAM-89";"2025-11-23T18:32:50.877-0300";"Concluído";[];"Foram detectados alertas críticos no servidor servidor6.nicolasf8sk4u2:"
"10381";"CHAM-88";"2025-11-23T18:32:39.743-0300";"Concluído";[];"Foram detectados alertas críticos no servidor servidor6.nicolasf8sk4u2:"
"10380";"CHAM-87";"2025-11-23T18:32:28.906-0300";"Concluído";[];"Foram detectados alertas críticos no servidor servidor6.nicolasf8sk4u2:"
"10379";"CHAM-86";"2025-11-23T18:32:17.682-0300";"Concluído";[];"Foram detectados alertas críticos no servidor servidor6.nicolasf8sk4u2:"
"10378";"CHAM-85";"2025-11-23T18:32:05.930-0300";"Concluído";[];"Foram detectados alertas críticos no servidor servidor6.nicolasf8sk4u2:"
"10377";"CHAM-84";"2025-11-23T18:31:52.918-0300";"Concluído";[];"Foram detectados alertas críticos no servidor servidor6.nicolasf8sk4u2:"
"10376";"CHAM-83";"2025-11-23T18:31:41.878-0300";"Concluído";[];"Foram detectados alertas críticos no servidor servidor6.nicolasf8sk4u2:"
"10375";"CHAM-82";"2025-11-23T18:31:30.175-0300";"Concluído";[];"Foram detectados alertas críticos no servidor servidor6.nicolasf8sk4u2:"
"10374";"CHAM-81";"2025-11-23T18:31:18.975-0300";"Concluído";[];"Foram detectados alertas críticos no servidor servidor6.nicolasf8sk4u2:"
"10373";"CHAM-80";"2025-11-23T18:31:07.140-0300";"Concluído";[];"Foram detectados alertas críticos no servidor servidor6.nicolasf8sk4u2:"
"10372";"CHAM-79";"2025-11-23T18:30:54.994-0300";"Concluído";[];"Foram detectados alertas críticos no servidor servidor6.nicolasf8sk4u2:"
"10371";"CHAM-78";"2025-11-23T18:30:44.152-0300";"Concluído";[];"Foram detectados alertas críticos no servidor servidor6.nicolasf8sk4u2:"
"10370";"CHAM-77";"2025-11-23T18:30:32.101-0300";"Concluído";[];"Foram detectados alertas críticos no servidor servidor6.nicolasf8sk4u2:"
"10369";"CHAM-76";"2025-11-23T18:30:19.979-0300";"Concluído";[];"Foram detectados alertas críticos no servidor servidor6.nicolasf8sk4u2:"
"10368";"CHAM-75";"2025-11-23T18:30:08.963-0300";"Concluído";[];"Foram detectados alertas críticos no servidor servidor6.nicolasf8sk4u2:"
"10367";"CHAM-74";"2025-11-23T18:29:57.247-0300";"Concluído";[];"Foram detectados alertas críticos no servidor servidor6.nicolasf8sk4u2:"
"10366";"CHAM-73";"2025-11-23T18:29:45.058-0300";"Concluído";[];"Foram detectados alertas críticos no servidor servidor6.nicolasf8sk4u2:"
"10365";"CHAM-72";"2025-11-23T18:29:33.414-0300";"Concluído";[];"Foram detectados alertas críticos no servidor servidor6.nicolasf8sk4u2:"
"10364";"CHAM-71";"2025-11-23T18:29:22.015-0300";"Concluído";[];"Foram detectados alertas críticos no servidor servidor6.nicolasf8sk4u2:"
"10363";"CHAM-70";"2025-11-23T18:29:10.297-0300";"Concluído";[];"Foram detectados alertas críticos no servidor servidor6.nicolasf8sk4u2:"
"10362";"CHAM-69";"2025-11-23T18:28:58.283-0300";"Concluído";[];"Foram detectados alertas críticos no servidor servidor6.nicolasf8sk4u2:"
"10361";"CHAM-68";"2025-11-23T18:28:46.615-0300";"Concluído";[];"Foram detectados alertas críticos no servidor servidor6.nicolasf8sk4u2:"
"10360";"CHAM-67";"2025-11-23T18:28:33.837-0300";"Concluído";[];"Foram detectados alertas críticos no servidor servidor6.nicolasf8sk4u2:"
"10359";"CHAM-66";"2025-11-23T18:28:22.449-0300";"Concluído";[];"Foram detectados alertas críticos no servidor servidor6.nicolasf8sk4u2:"
"10358";"CHAM-65";"2025-11-23T18:28:11.775-0300";"Concluído";[];"Foram detectados alertas críticos no servidor servidor6.nicolasf8sk4u2:"
"10357";"CHAM-64";"2025-11-23T18:27:59.595-0300";"Concluído";[];"Foram detectados alertas críticos no servidor servidor6.nicolasf8sk4u2:"
"10356";"CHAM-63";"2025-11-23T18:27:47.580-0300";"Concluído";[];"Foram detectados alertas críticos no servidor servidor6.nicolasf8sk4u2:"
"10355";"CHAM-62";"2025-11-23T18:27:36.487-0300";"Concluído";[];"Foram detectados alertas críticos no servidor servidor6.nicolasf8sk4u2:"
"10354";"CHAM-61";"2025-11-23T18:27:23.527-0300";"Concluído";[];"Foram detectados alertas críticos no servidor servidor6.nicolasf8sk4u2:"
"10353";"CHAM-60";"2025-11-23T18:27:12.672-0300";"Concluído";[];"Foram detectados alertas críticos no servidor servidor6.nicolasf8sk4u2:"
"10352";"CHAM-59";"2025-11-23T18:27:01.497-0300";"Concluído";[];"Foram detectados alertas críticos no servidor servidor6.nicolasf8sk4u2:"
"10351";"CHAM-58";"2025-11-23T18:26:49.519-0300";"Concluído";[];"Foram detectados alertas críticos no servidor servidor6.nicolasf8sk4u2:"
"10350";"CHAM-57";"2025-11-23T18:26:37.697-0300";"Concluído";[];"Foram detectados alertas críticos no servidor servidor6.nicolasf8sk4u2:"
"10349";"CHAM-56";"2025-11-23T18:26:25.857-0300";"Concluído";[];"Foram detectados alertas críticos no servidor servidor6.nicolasf8sk4u2:"
"10348";"CHAM-55";"2025-11-23T18:26:14.691-0300";"Concluído";[];"Foram detectados alertas críticos no servidor servidor6.nicolasf8sk4u2:"
"10347";"CHAM-54";"2025-11-23T18:26:02.610-0300";"Concluído";[];"Foram detectados alertas críticos no servidor servidor6.nicolasf8sk4u2:"
"10346";"CHAM-53";"2025-11-23T18:25:50.037-0300";"Concluído";[];"Foram detectados alertas críticos no servidor servidor6.nicolasf8sk4u2:"
"10345";"CHAM-52";"2025-11-23T18:25:37.852-0300";"Concluído";[];"Foram detectados alertas críticos no servidor servidor6.nicolasf8sk4u2:"
"10344";"CHAM-51";"2025-11-23T18:25:27.024-0300";"Concluído";[];"Foram detectados alertas críticos no servidor servidor6.nicolasf8sk4u2:"
"10343";"CHAM-50";"2025-11-23T18:25:14.900-0300";"Concluído";[];"Foram detectados alertas críticos no servidor servidor6.nicolasf8sk4u2:"
"10342";"CHAM-49";"2025-11-23T18:25:03.132-0300";"Concluído";[];"Foram detectados alertas críticos no servidor servidor6.nicolasf8sk4u2:"
"10341";"CHAM-48";"2025-11-23T18:24:52.113-0300";"Concluído";[];"Foram detectados alertas críticos no servidor servidor6.nicolasf8sk4u2:"
"10340";"CHAM-47";"2025-11-23T18:24:39.952-0300";"Concluído";[];"Foram detectados alertas críticos no servidor servidor6.nicolasf8sk4u2:"
"10339";"CHAM-46";"2025-11-23T18:24:28.883-0300";"Concluído";[];"Foram detectados alertas críticos no servidor servidor6.nicolasf8sk4u2:"
"10338";"CHAM-45";"2025-11-23T18:24:18.002-0300";"Concluído";[];"Foram detectados alertas críticos no servidor servidor6.nicolasf8sk4u2:"
"10337";"CHAM-44";"2025-11-23T18:24:06.761-0300";"Concluído";[];"Foram detectados alertas críticos no servidor servidor6.nicolasf8sk4u2:"
"10336";"CHAM-43";"2025-11-23T18:23:54.873-0300";"Concluído";[];"Foram detectados alertas críticos no servidor servidor6.nicolasf8sk4u2:"
"10335";"CHAM-42";"2025-11-23T18:23:42.809-0300";"Concluído";[];"Foram detectados alertas críticos no servidor servidor6.nicolasf8sk4u2:"
"10334";"CHAM-41";"2025-11-23T18:23:30.987-0300";"Concluído";[];"Foram detectados alertas críticos no servidor servidor6.nicolasf8sk4u2:"
"10333";"CHAM-40";"2025-11-23T18:23:19.985-0300";"Concluído";[];"Foram detectados alertas críticos no servidor servidor6.nicolasf8sk4u2:"
"10332";"CHAM-39";"2025-11-23T18:23:08.082-0300";"Concluído";[];"Foram detectados alertas críticos no servidor servidor6.nicolasf8sk4u2:"
"10331";"CHAM-38";"2025-11-23T18:22:56.038-0300";"Concluído";[];"Foram detectados alertas críticos no servidor servidor6.nicolasf8sk4u2:"
"10330";"CHAM-37";"2025-11-23T18:22:45.039-0300";"Concluído";[];"Foram detectados alertas críticos no servidor servidor6.nicolasf8sk4u2:"
"10329";"CHAM-36";"2025-11-23T18:22:33.245-0300";"Concluído";[];"Foram detectados alertas críticos no servidor servidor6.nicolasf8sk4u2:"
"10328";"CHAM-35";"2025-11-23T18:22:22.041-0300";"Concluído";[];"Foram detectados alertas críticos no servidor servidor6.nicolasf8sk4u2:"
"10327";"CHAM-34";"2025-11-23T18:22:10.866-0300";"Concluído";[];"Foram detectados alertas críticos no servidor servidor6.nicolasf8sk4u2:"
"10326";"CHAM-33";"2025-11-23T18:21:59.104-0300";"Concluído";[];"Foram detectados alertas críticos no servidor servidor6.nicolasf8sk4u2:"
"10325";"CHAM-32";"2025-11-23T18:21:47.890-0300";"Concluído";[];"Foram detectados alertas críticos no servidor servidor6.nicolasf8sk4u2:"
"10324";"CHAM-31";"2025-11-23T18:21:36.199-0300";"Concluído";[];"Foram detectados alertas críticos no servidor servidor6.nicolasf8sk4u2:"
"10323";"CHAM-30";"2025-11-23T18:21:24.002-0300";"Concluído";[];"Foram detectados alertas críticos no servidor servidor6.nicolasf8sk4u2:"
"10322";"CHAM-29";"2025-11-23T18:21:11.298-0300";"Concluído";[];"Foram detectados alertas críticos no servidor servidor6.nicolasf8sk4u2:"
"10321";"CHAM-28";"2025-11-23T18:21:00.192-0300";"Concluído";[];"Foram detectados alertas críticos no servidor servidor6.nicolasf8sk4u2:"
"10320";"CHAM-27";"2025-11-23T18:20:48.270-0300";"Concluído";[];"Foram detectados alertas críticos no servidor servidor6.nicolasf8sk4u2:"
"10319";"CHAM-26";"2025-11-23T18:20:37.076-0300";"Concluído";[];"Foram detectados alertas críticos no servidor servidor6.nicolasf8sk4u2:"
"10318";"CHAM-25";"2025-11-23T18:20:25.245-0300";"Concluído";[];"Foram detectados alertas críticos no servidor servidor6.nicolasf8sk4u2:"
"10317";"CHAM-24";"2025-11-23T18:20:13.424-0300";"Concluído";[];"Foram detectados alertas críticos no servidor servidor6.nicolasf8sk4u2:"
"10316";"CHAM-23";"2025-11-23T18:20:02.475-0300";"Concluído";[];"Foram detectados alertas críticos no servidor servidor6.nicolasf8sk4u2:"
"10315";"CHAM-22";"2025-11-23T18:19:50.548-0300";"Concluído";[];"Foram detectados alertas críticos no servidor servidor6.nicolasf8sk4u2:"
"10314";"CHAM-21";"2025-11-23T18:19:39.011-0300";"Concluído";[];"Foram detectados alertas críticos no servidor servidor6.nicolasf8sk4u2:"
"10313";"CHAM-20";"2025-11-23T18:19:23.672-0300";"Concluído";[];"Foram detectados alertas críticos no servidor servidor6.nicolasf8sk4u2:"
"10312";"CHAM-19";"2025-11-23T18:19:11.325-0300";"Concluído";[];"Foram detectados alertas críticos no servidor servidor6.nicolasf8sk4u2:"
"10311";"CHAM-18";"2025-11-23T18:18:59.958-0300";"Concluído";[];"Foram detectados alertas críticos no servidor servidor6.nicolasf8sk4u2:"
"10310";"CHAM-17";"2025-11-23T18:18:49.632-0300";"Concluído";[];"Foram detectados alertas críticos no servidor servidor6.nicolasf8sk4u2:"
"10309";"CHAM-16";"2025-11-23T18:18:48.361-0300";"Concluído";[];"Foram detectados alertas críticos no servidor servidor6.nicolasf8sk4u2:"
"10308";"CHAM-15";"2025-11-23T18:18:35.363-0300";"Concluído";[];"Foram detectados alertas críticos no servidor servidor6.nicolasf8sk4u2:"
"10307";"CHAM-14";"2025-11-23T18:18:24.411-0300";"Concluído";[];"Foram detectados alertas críticos no servidor servidor6.nicolasf8sk4u2:"
"10306";"CHAM-13";"2025-11-23T18:18:12.635-0300";"Concluído";[];"Foram detectados alertas críticos no servidor servidor6.nicolasf8sk4u2:"
"10305";"CHAM-12";"2025-11-23T18:18:11.879-0300";"Concluído";[];"Foram detectados alertas críticos no servidor servidor6.nicolasf8sk4u2:"
"10304";"CHAM-11";"2025-11-23T18:18:01.342-0300";"Concluído";[];"Foram detectados alertas críticos no servidor servidor6.nicolasf8sk4u2:"
"10271";"CHAM-10";"2025-11-23T09:07:59.565-0300";"Pending";[];"Foram detectados alertas críticos no servidor servidor6.nicolasf8sk4u2:"
"10238";"CHAM-9";"2025-11-21T14:00:25.402-0300";"Pending";[];"Foram detectados alertas críticos no servidor servidor6.nicolasf8sk4u2:"
"10205";"CHAM-8";"2025-11-17T13:57:20.690-0300";"Pending";[];"Foram detectados alertas críticos no servidor servidor6.nicolasf8sk4u2:"
"10172";"CHAM-7";"2025-11-03T19:22:01.978-0300";"Pending";[];"Foram detectados alertas críticos no servidor servidor6.nicolasf8sk4u2:"
"10139";"CHAM-6";"2025-11-03T13:56:44.507-0300";"Pending";[];"Foram detectados alertas críticos no servidor servidor6.nicolasf8sk4u2:"
"10128";"CHAM-5";"2025-11-03T13:26:37.230-0300";"Pending";[];"(sem descrição)"
"10126";"CHAM-4";"2025-11-03T13:24:53.144-0300";"Pending";[];"(sem descrição)"
"10067";"CHAM-3";"2025-11-03T09:08:27.329-0300";"Pending";[];"(sem descrição)"
"10034";"CHAM-2";"2025-10-31T12:29:14.084-0300";"Pending";[];"(sem descrição)"
"10033";"CHAM-1";"2025-10-31T12:14:57.136-0300";"Pending";[];"(sem descrição)"
